signal_date,ticker,exact_signal_price,HIGH_52W_PROXIMITY,LOW_VOL_63D,MOM_6_1,ADV63,H252_LABEL_ENDPOINT,gross_margin_acceleration,operating_margin_acceleration,five_factor_score_eligible,h252_test_cell_eligible
2020-09-01,AEFES,True,0.7957184675383815,-0.019825660302429538,-0.13935760780025985,85545290.82056332,True,0.011989034603649473,0.014554827061102824,True,True
2020-09-01,AGHOL,True,0.7401285512999316,-0.024818766035039744,0.07274829678854977,18736129.967402354,True,-0.007827238848414297,0.008738549174282906,True,True
2020-09-01,AKBNK,True,0.5544331735857746,-0.01953026324239712,-0.3096180430991695,534550600.04981184,True,,,False,False
2020-09-01,AKCNS,True,0.7799353409723868,-0.04331093924874638,0.3616894005645197,35544533.3045741,True,-0.021911320879567986,-0.023563530241155387,True,True
2020-09-01,AKGRT,True,0.8778721473825296,-0.02583847970057003,0.2609601046316472,19434852.139582895,True,,,False,False
2020-09-01,AKSA,True,0.8370917606086079,-0.026963386059731274,0.012652162724137828,22945358.60710731,True,0.007617430861129815,-0.005408942239945702,True,True
2020-09-01,AKSEN,True,0.8743718141866458,-0.036378728389398575,0.45744678008015605,72051330.79589432,True,-0.052553908000469135,-0.044230516526372055,True,True
2020-09-01,ALARK,True,0.775510185668582,-0.023953483972183106,-0.11129301427983107,54131309.548729144,True,0.1208942717962416,0.08478143199142701,True,True
2020-09-01,ALBRK,True,0.7720203307597802,-0.03618942415544082,0.03246765509040905,165479749.78227746,True,,,False,False
2020-09-01,ALGYO,True,0.7509156831774618,-0.030245725969763906,-0.04374077174505431,41672474.945430845,True,0.006792608671880251,5.122875475714144,True,True
2020-09-01,ALKIM,True,0.7226026928963835,-0.029310809832291302,0.5983145342650817,95868458.05678187,True,0.025411434464497618,0.03093088752373574,True,True
2020-09-01,ANACM,False,,,,,False,,,False,False
2020-09-01,ARCLK,True,0.9019776209962713,-0.023488325082080614,0.18969073631105937,238709504.56747127,True,-0.003337612148478719,-0.0049375489019189145,True,True
2020-09-01,ASELS,True,0.8926672568000547,-0.02807017132821366,0.21946875682856182,1028626512.2705472,True,0.03598431184114678,0.07405241184235226,False,False
2020-09-01,AYGAZ,True,0.8558421703457523,-0.021660528229021696,0.13137527535442572,19377651.343513086,True,0.028881646752178733,0.021712022114632336,True,True
2020-09-01,BAGFS,True,0.6999027551324258,-0.026843659632316406,-0.01343446340372767,19519236.571296345,True,-0.017281785647724313,0.08123228240887648,True,True
2020-09-01,BIMAS,True,0.9138628759038642,-0.023007301879829883,0.49804234380083723,281007305.62113196,True,0.0009405973332848594,0.00807745922598277,True,True
2020-09-01,BIZIM,True,0.7587512669648118,-0.03986375731956224,0.8143012032160497,134337610.52608234,True,,,False,False
2020-09-01,BRISA,True,0.8472644254947006,-0.031237810755535517,0.22394487745977631,17983007.939838365,True,-0.0010015657082342866,-0.02040005572162326,True,True
2020-09-01,BRSAN,True,0.857241831181541,-0.031995463327322386,0.05877858638680178,33501281.89549623,True,-0.05136796950752277,-0.07022294987563374,True,True
2020-09-01,BUCIM,True,0.7822930544202149,-0.036647443598367774,0.5449882408104059,17932225.640352707,True,-0.10377105318927894,-0.09848401020726531,True,True
2020-09-01,CCOLA,True,0.8960767888179245,-0.022482306640575326,0.011040242624886343,42800862.69762021,True,0.009423173536640572,0.011695856001206581,True,True
2020-09-01,CEMTS,True,0.97925339016179,-0.03578974008108608,0.7311894012660907,66590018.520628914,True,-0.11372600067314471,-0.1378544619735507,True,True
2020-09-01,CIMSA,True,0.9015213851140907,-0.03450780208490852,0.25215549007242855,35881501.15482839,True,-0.020983845662726763,-0.03841022312969028,True,True
2020-09-01,CLEBI,True,0.6118900029173125,-0.02371836933178003,-0.14800228717765374,11249623.295865377,True,-0.024820503392385312,-0.07684071001123405,True,True
2020-09-01,DEVA,True,0.8799648213510546,-0.0349743383176243,1.05282661839699,92897758.1638721,True,0.006630459554981205,0.05847404493948993,True,True
2020-09-01,DOAS,True,0.8016714330431648,-0.04015339092029484,0.5726180509815266,58855838.101831876,True,-0.008616371790671096,0.011620461057509524,True,True
2020-09-01,DOCO,True,0.49890288376905567,-0.024686519775907436,-0.3721052252587427,88942511.08500889,True,,,False,False
2020-09-01,DOHOL,True,0.8833331881558393,-0.023181461293926644,0.1203598194968094,155486392.48608148,True,0.012429557322965579,-0.03541876343279575,True,True
2020-09-01,ECILC,True,0.8897059305781828,-0.026263541715218112,0.5524820142972133,229255985.6790218,True,0.016524242269640776,-0.015117447651340099,True,True
2020-09-01,EGEEN,True,0.813041576553277,-0.03833074595919977,0.07850891841356455,63511172.904740594,True,,,False,False
2020-09-01,EKGYO,True,0.7437506830607367,-0.03419260657640494,0.4960164969130325,1006722018.6728255,True,0.21529664787291256,0.0989370320929189,True,True
2020-09-01,ENJSA,True,0.9328859234975236,-0.016223496304602403,0.1065886340113078,36874601.816380724,True,-0.05489983674015464,-0.0029773625745237453,True,True
2020-09-01,ENKAI,True,0.9630177552811279,-0.02539381515666171,0.10911929220869632,54240916.72348238,True,0.004879165864580592,-0.007107629063989179,True,True
2020-09-01,EREGL,True,0.8948710241036811,-0.01698246570144994,-0.12098398610814742,347253457.30944026,True,-0.11847486832944173,-0.11317458523413929,True,True
2020-09-01,FROTO,True,0.9036673187466151,-0.024161280065022175,0.11813502646075213,35564363.7435605,True,0.005295407837713817,0.003694739673569744,True,True
2020-09-01,GARAN,True,0.5496795447205521,-0.021050095231232437,-0.3408451196203559,1145353224.0362484,True,,,False,False
2020-09-01,GLYHO,True,0.8487715941045163,-0.03734042140093871,0.16169158905762537,149858342.7041508,True,-0.10314012094076239,-0.14349438484282334,True,True
2020-09-01,GOODY,True,0.8224459319462424,-0.024550903934258583,0.1458333577811548,24499367.491348594,True,,,False,False
2020-09-01,GOZDE,True,0.8948220652774657,-0.03835987589160476,0.33096928819259896,98925351.64822797,True,0.07390211394976487,-39.10215797718178,True,True
2020-09-01,GSDHO,True,0.7811320965821766,-0.03375040704462803,0.621916210619458,164120540.89490843,True,-0.24456640068261604,-0.4462998658659483,True,True
2020-09-01,GUBRF,True,0.9469255854403004,-0.034853690202963424,0.5869565961040952,133396360.68773097,True,-0.04717847094090863,-0.0449428215457573,True,True
2020-09-01,GUSGR,False,,,,,False,,,False,False
2020-09-01,HALKB,True,0.6774628993656071,-0.02452314527333942,-0.1686746849517443,350753957.40250576,True,,,False,False
2020-09-01,HEKTS,True,0.7831473753605548,-0.022018625386613318,0.41746559579135,65144632.5980894,True,-0.07354790808375838,-0.08810183712936642,True,True
2020-09-01,HLGYO,True,0.819257130664768,-0.03034224125367627,0.6124965916056557,97249111.32548061,True,0.1925362147039804,0.13508300691915365,True,True
2020-09-01,IPEKE,True,0.7725796022143339,-0.03588935918003665,0.24809165028979696,166374391.56565142,True,0.060071719213703245,0.0657261698749555,True,True
2020-09-01,ISCTR,True,0.6644650259982599,-0.01957804590286437,-0.24050672898259828,215439812.20724958,True,,,False,False
2020-09-01,ISDMR,True,0.8311256253840815,-0.01649470314653206,-0.06244477078745736,17750318.482712746,True,-0.11114816480925124,-0.10866694930631135,True,True
2020-09-01,ISFIN,True,0.8300220345072193,-0.02721011556271599,0.10684927569743974,332194087.924953,True,,,False,False
2020-09-01,ISGYO,True,0.7511312239253007,-0.027073966349870058,0.09782607634928264,131633809.76552539,True,-0.1861730248848336,-0.3196075562825958,True,True
2020-09-01,ISMEN,True,0.991421482671181,-0.02426072116904333,0.7209414564485361,39475446.87113297,True,-0.001171781930323126,-0.00012936889008699536,True,True
2020-09-01,KAREL,True,0.8373303688535899,-0.028583981845487664,0.16387972914782134,36806718.31667063,True,,,False,False
2020-09-01,KARSN,True,0.845945965973803,-0.04270371159297152,0.5076923001682501,373373516.56724703,True,-0.01269356117297038,0.04143236927480906,True,True
2020-09-01,KARTN,True,0.7585897267316734,-0.04318811245252672,0.6279888119629848,36689950.919559084,True,-0.05327730407947373,-0.05456679779182022,True,True
2020-09-01,KCHOL,True,0.7045924332035909,-0.019263154732134677,-0.14113575994996574,174174604.37796015,True,0.03489977870004324,-0.020788248728046785,True,True
2020-09-01,KERVT,True,0.8566552673294703,-0.03312604658230919,0.45013478682551633,87171210.7903816,True,-0.017756654916645936,-0.043689929721812834,True,True
2020-09-01,KLMSN,True,0.6139036633941094,-0.02782173815120398,-0.2320017731427536,25149433.836928442,True,,,False,False
2020-09-01,KORDS,True,0.7144787691769685,-0.020637964641314652,-0.1526530206636123,23809638.872176718,True,-0.01789016452786013,-0.031229446983784034,True,True
2020-09-01,KOZAA,True,0.8714670328707671,-0.023474336053867045,0.14011209223932042,189201058.88491112,True,0.05938961476104587,0.06491148487084852,True,True
2020-09-01,KOZAL,True,0.8705882711880955,-0.016961451693623494,0.06008569987208601,163717409.29978725,True,0.05436607031918561,0.05759485967598443,True,True
2020-09-01,KRDMD,True,0.9261538970648601,-0.03247640206180968,0.027491356066403405,792750484.3735533,True,,,False,False
2020-09-01,LOGO,True,0.9544490217471118,-0.024966450954242703,0.1325377547546458,15086918.42204442,True,0.03604125906234368,0.04419550598541694,False,False
2020-09-01,MAVI,True,0.5936636564658565,-0.02175960425544902,-0.2684907983057807,24404512.594001286,True,,,False,False
2020-09-01,MGROS,True,0.8699731181012147,-0.02610968039909899,0.8572612961988129,149255874.3406484,True,-0.004340379507058789,0.003055495774786157,True,True
2020-09-01,MPARK,True,0.6929748444199836,-0.03632068287763859,-0.0022923159758421185,98966501.87754515,True,0.02499226001865809,0.022381587568388983,True,True
2020-09-01,NETAS,True,0.8774617239071222,-0.03432213286044719,0.1282224843281028,55774733.378685586,True,0.01660151716766224,0.14948610024068348,False,False
2020-09-01,NTHOL,True,0.7534722187728795,-0.03546820267497276,0.09565218833533962,55668399.01493848,True,-0.05770144331375965,-0.24527270994313108,True,True
2020-09-01,ODAS,True,0.86440649915277,-0.037905451173623636,0.15068461318656023,433326832.49288344,True,0.14773222526052848,0.0967523015541581,True,True
2020-09-01,OTKAR,True,0.8041594548583691,-0.018109074518175,0.14165162140217458,22469030.163920417,True,-0.006035852597831015,-0.03357467204842668,True,True
2020-09-01,OYAKC,True,0.7725888274650936,-0.03676732323385183,0.5620305636199554,153338100.3686081,True,,,False,False
2020-09-01,OZKGY,True,0.7612244658459657,-0.031288304339915994,0.4468750184040964,34111129.73311595,True,,,False,False
2020-09-01,PETKM,True,0.8516128909203314,-0.03228664412574709,0.0,658085666.6353115,True,-0.0322145624573098,-0.02864440059414193,True,True
2020-09-01,PGSUS,True,0.5276201949781484,-0.023021975253202282,-0.24929350584425425,193893510.2960049,True,-0.0007038326216980972,-0.035164215507495475,True,True
2020-09-01,SAHOL,True,0.7809497683299244,-0.0171039208741159,-0.06460846573764667,109318240.45618416,True,0.062201574597460896,0.044477178392090866,True,True
2020-09-01,SASA,True,0.9650246044417551,-0.035259138753989366,0.3736062017777899,354853676.4257495,True,-0.036147047323347364,-0.05047333760015178,True,True
2020-09-01,SELEC,True,0.8449532385504691,-0.022811590908184017,0.2368148865224049,41728349.90084992,True,-0.012863813848429967,-0.015764696303622122,True,True
2020-09-01,SISE,True,0.9567900384022054,-0.0294285726395714,0.13944890877978922,709428530.5758989,True,-0.02080320164103755,-0.03414112687186216,True,True
2020-09-01,SKBNK,True,0.7988505328074413,-0.03284459938793786,0.17460390041466245,224073672.19568634,True,,,False,False
2020-09-01,SODA,False,,,,,False,,,False,False
2020-09-01,SOKM,True,0.8719890125616578,-0.027807077893786572,0.5419060956085215,117411802.29270405,True,-0.004528946035664838,0.017732409754509577,True,True
2020-09-01,TATGD,True,0.9022491209500808,-0.029949383602130737,0.6976876501771987,50638371.29771475,True,,,False,False
2020-09-01,TAVHL,True,0.5432308593750272,-0.02137142007513502,-0.23138731903983756,130304792.11446327,True,-0.0650604109770258,-0.0874587101993693,True,True
2020-09-01,TCELL,True,0.8450620275199371,-0.02068011079223816,0.036985237927830816,380906983.872002,True,-0.005880840923108865,0.0023243984006707796,True,True
2020-09-01,THYAO,True,0.6971876983687647,-0.021458159690905317,-0.19320758809616734,782563060.403004,True,-0.04091921389624359,-0.013800637624022394,True,True
2020-09-01,TKFEN,True,0.7184840498515336,-0.026188349969768716,-0.052152814450741825,370789430.5782898,True,-0.061933782409023766,-0.09870829115426158,True,True
2020-09-01,TMSN,True,0.8958580287020989,-0.032928355766051375,0.13848393451538432,45979478.38352651,True,0.048857051138760266,0.07983852674371307,True,True
2020-09-01,TOASO,True,0.8211920094505394,-0.02141091955965847,0.07329363621154639,62745069.139659606,True,-0.007017638945977428,0.01077398225750456,True,True
2020-09-01,TRGYO,True,0.6826923181129608,-0.043086974450031686,0.5104164567218952,189858699.66257095,True,0.053673486960810535,-0.6652348425973278,True,True
2020-09-01,TRKCM,False,,,,,False,,,False,False
2020-09-01,TSKB,True,0.7928571759937905,-0.022714559343837974,-0.10317457028662047,189577606.09741175,True,,,False,False
2020-09-01,TTKOM,True,0.8114685332915316,-0.02469122944826831,-0.11859058218978025,193912852.10431337,True,0.012464473319362623,0.013320093498970814,True,True
2020-09-01,TTRAK,True,0.8541667397389896,-0.029618680909618514,0.8572549956300113,35440853.39198927,True,0.005536698401361229,-0.0035438519949797104,True,True
2020-09-01,TUPRS,True,0.5637187945889267,-0.02440718672993527,-0.24404760985202956,616740121.8080128,True,-0.05526779840167684,-0.06636198517306345,True,True
2020-09-01,ULKER,True,0.8194343466799799,-0.022570593515263186,0.16839194164028837,60191175.078158215,True,0.008420301454179102,0.01181726144895029,True,True
2020-09-01,VAKBN,True,0.6040757153563917,-0.02467174795710884,-0.2449664477856115,401158816.4488489,True,,,False,False
2020-09-01,VESTL,True,0.998368711825644,-0.025221223451842776,0.10327459165889219,106171059.69951396,True,-0.009324179684159994,0.012657204357833449,True,True
2020-09-01,YATAS,True,0.846560759309354,-0.026505933604275975,0.10810818730453087,25045620.65020425,True,-0.023719895638192656,-0.033187396718249634,True,True
2020-09-01,YKBNK,True,0.658146984956123,-0.01806270990931232,-0.17054246544915785,315154012.23294586,True,,,False,False
2020-09-01,ZOREN,True,0.9243985683867866,-0.04620318770868339,0.5816993325871751,256634434.7058999,True,-0.05055453157221371,-0.03844371806050739,True,True
2020-10-01,AEFES,True,0.8636152381240271,-0.018772939673054493,0.17791491997574616,48477244.258243546,True,0.011989034603649473,0.014554827061102824,True,True
2020-10-01,AGHOL,True,0.8833792610365006,-0.024346899437419398,0.16163788832303205,16070638.830104744,True,-0.007827238848414297,0.008738549174282906,True,True
2020-10-01,AKBNK,True,0.5802468048883358,-0.01973024598832511,-0.1101083318030669,484825409.7465393,True,,,False,False
2020-10-01,AKCNS,True,0.8783171200991264,-0.03661769299191408,0.7175794528786719,24701705.498781506,True,-0.021911320879567986,-0.023563530241155387,True,True
2020-10-01,AKGRT,True,0.9334948565744775,-0.025975190696747447,0.7428575470876699,20749757.336887773,True,,,False,False
2020-10-01,AKSA,True,0.8972420827070997,-0.023359157141901805,0.20998983679081729,29701036.84118181,True,0.007617430861129815,-0.005408942239945702,True,True
2020-10-01,AKSEN,True,1.0,-0.0386522413288143,0.7024541535574462,86037276.09767033,True,-0.052553908000469135,-0.044230516526372055,True,True
2020-10-01,AKSGY,True,0.9511943833354979,-0.036885709111048194,0.47487774677248673,17662751.939178772,True,,,False,False
2020-10-01,ALARK,True,0.9356356297652085,-0.028563129238314864,0.253164418828731,56443431.34705266,True,0.1208942717962416,0.08478143199142701,True,True
2020-10-01,ALBRK,True,0.7720203307597802,-0.03411081245023634,0.36111069625103753,138475093.3664239,True,,,False,False
2020-10-01,ALCTL,True,0.9717314749601512,-0.03681406328305684,0.5830885494687033,61203645.06217457,True,,,False,False
2020-10-01,ALGYO,True,0.9026696332306676,-0.03128421749965746,0.43946159548822283,44498204.733408906,True,0.006792608671880251,5.122875475714144,True,True
2020-10-01,ALKIM,True,0.7813926119895509,-0.025630125068978243,0.5997631499933285,127416721.81661004,True,0.025411434464497618,0.03093088752373574,True,True
2020-10-01,ARCLK,True,0.984438879111356,-0.0247551445900877,0.5477611875475634,199750033.92275003,True,-0.003337612148478719,-0.0049375489019189145,True,True
2020-10-01,ARDYZ,True,,-0.029763349152179576,1.2349186256691356,53547344.98684539,True,,,False,False
2020-10-01,ASELS,True,0.9537511701891801,-0.030125136531135233,0.44573296983449384,988299890.9480159,True,0.03598431184114678,0.07405241184235226,False,False
2020-10-01,AYGAZ,True,0.8528074054007398,-0.022504992898042253,0.3401442851962788,19273015.333821677,True,0.028881646752178733,0.021712022114632336,True,True
2020-10-01,BAGFS,True,0.8380350419902088,-0.027713000909591216,0.3076923261029012,21139409.366198048,True,-0.017281785647724313,0.08123228240887648,True,True
2020-10-01,BIMAS,True,0.9374158414767024,-0.01961495005451824,0.3647537551662887,260189611.62086016,True,0.0009405973332848594,0.00807745922598277,True,True
2020-10-01,BIZIM,True,0.7507096377891143,-0.030089880457374027,0.722222270747412,75197332.5907419,True,,,False,False
2020-10-01,BRISA,True,0.9893617717565135,-0.030651143683437243,0.5444443415662055,12178034.504713604,True,-0.0010015657082342866,-0.02040005572162326,True,True
2020-10-01,BRSAN,True,0.9058188549706798,-0.03788621888338226,0.7146815061212486,45147209.67021261,True,-0.05136796950752277,-0.07022294987563374,True,True
2020-10-01,BUCIM,True,0.9477501655944658,-0.04027166853466576,0.9087740743137735,21172825.16093441,True,-0.10377105318927894,-0.09848401020726531,True,True
2020-10-01,CCOLA,True,0.9570116345583328,-0.02267484712417557,0.2771189905284255,33019099.583299305,True,0.009423173536640572,0.011695856001206581,True,True
2020-10-01,CEMTS,True,0.968051300680629,-0.03980797634054625,1.3285172967636738,97709869.81358251,True,-0.11372600067314471,-0.1378544619735507,True,True
2020-10-01,CIMSA,True,0.9218747477147373,-0.03690848776403621,0.8409091085173721,31669316.207462918,True,-0.020983845662726763,-0.03841022312969028,True,True
2020-10-01,CLEBI,True,0.7143113311462405,-0.030072587101596927,0.18287421587665875,12509976.6902903,True,-0.024820503392385312,-0.07684071001123405,True,True
2020-10-01,DEVA,True,0.817299392806062,-0.030304886749319124,0.7230436497374388,88619929.98264621,True,0.006630459554981205,0.05847404493948993,True,True
2020-10-01,DOAS,True,0.8540389393227104,-0.03212470320600929,1.0978416114571496,39998743.9791138,True,-0.008616371790671096,0.011620461057509524,True,True
2020-10-01,DOCO,True,0.49937308327763186,-0.0230283628931989,0.14393666909200564,75062129.25981648,True,,,False,False
2020-10-01,DOHOL,True,1.0,-0.02190688127393794,0.47791997020937615,169970307.46797028,True,0.012429557322965579,-0.03541876343279575,True,True
2020-10-01,ECILC,True,0.9714286351410092,-0.026044370069878635,0.1918012263648976,199386948.76944816,True,0.016524242269640776,-0.015117447651340099,True,True
2020-10-01,EGEEN,True,0.8310533480509403,-0.0382577844490921,0.5692739737828798,74668800.6791934,True,-0.14139975630767004,-0.1811903225102481,True,True
2020-10-01,EKGYO,True,0.7269427395350503,-0.02934443364222247,0.5796476546057643,857253595.0311092,True,0.21529664787291256,0.0989370320929189,True,True
2020-10-01,ENJSA,True,0.9944071857927448,-0.01566279125275515,0.4653527257234018,30821814.527271636,True,-0.05489983674015464,-0.0029773625745237453,True,True
2020-10-01,ENKAI,True,0.9900000413654458,-0.0217877420604763,0.3057769438602729,43080164.10977976,True,0.004879165864580592,-0.007107629063989179,True,True
2020-10-01,EREGL,True,0.9929105878106043,-0.016510461040637907,0.20592045919728674,307251085.59340864,True,-0.11847486832944173,-0.11317458523413929,True,True
2020-10-01,FROTO,True,0.9403793073420958,-0.025651838098102113,0.687602591628115,34716597.477597356,True,0.005295407837713817,0.003694739673569744,True,True
2020-10-01,GARAN,True,0.5705128881352042,-0.02217245580616687,-0.13087663442609054,1110759983.6640832,True,,,False,False
2020-10-01,GOODY,True,0.9128981745840048,-0.0264099597797012,0.5318460368646338,19975986.654287435,True,,,False,False
2020-10-01,GOZDE,True,0.9158576059271015,-0.03796588237211309,1.138888852095898,101479600.19136803,True,0.07390211394976487,-39.10215797718178,True,True
2020-10-01,GSDHO,True,0.7962264236197252,-0.03359055587725683,1.189523877862078,153439019.80335823,True,-0.24456640068261604,-0.4462998658659483,True,True
2020-10-01,GUBRF,True,0.9869240914410993,-0.0294745161788205,1.0419580680746057,98601613.872523,True,-0.04717847094090863,-0.0449428215457573,True,True
2020-10-01,HALKB,True,0.6909581634265763,-0.020562969453924208,0.08163267093517002,297904789.1885979,True,,,False,False
2020-10-01,HEKTS,True,0.8164594555977673,-0.02473810169105894,0.2896709986205772,64052850.95842559,True,-0.07354790808375838,-0.08810183712936642,True,True
2020-10-01,HLGYO,True,0.9360002527541794,-0.033418367648983656,0.76337382653038,124755274.05548228,True,0.1925362147039804,0.13508300691915365,True,True
2020-10-01,INDES,True,0.9784889947912623,-0.03535778196087318,0.9451877282922228,57359283.943523355,True,-0.011319767690653383,-0.010362049187357208,False,False
2020-10-01,IPEKE,True,0.7699805144326118,-0.03865475629792155,0.5488126503012127,172117466.94149995,True,0.060071719213703245,0.0657261698749555,True,True
2020-10-01,ISCTR,True,0.7106999168610453,-0.01922749445700352,0.06595711747840927,205332746.0366699,True,,,False,False
2020-10-01,ISDMR,True,0.9044237481734168,-0.01733308624041564,0.08178090731890997,13403564.232982038,True,-0.11114816480925124,-0.10866694930631135,True,True
2020-10-01,ISFIN,True,0.8543045709313134,-0.026872659795384713,0.3940520149560238,272341483.31096405,True,,,False,False
2020-10-01,ISGYO,True,0.8325792382155169,-0.02670795773227886,0.3801652124008923,118534530.29558177,True,-0.1861730248848336,-0.3196075562825958,True,True
2020-10-01,ISMEN,True,0.9829058370868506,-0.026586042539843938,1.0824751963497103,46152107.877680175,True,-0.001171781930323126,-0.00012936889008699536,True,True
2020-10-01,KAREL,True,0.954119189173599,-0.028194670806473147,0.24009298409166813,35751122.1204868,True,,,False,False
2020-10-01,KARTN,True,0.8879487300496764,-0.04580132220900875,0.8990197339468367,50485708.265383884,True,-0.05327730407947373,-0.05456679779182022,True,True
2020-10-01,KCHOL,True,0.6970767458043247,-0.018487339413996665,0.11845982196226856,195785196.2887147,True,0.03489977870004324,-0.020788248728046785,True,True
2020-10-01,KERVT,True,0.9581939800664526,-0.0328916201964491,0.7534722187728795,117213451.38190533,True,-0.017756654916645936,-0.043689929721812834,True,True
2020-10-01,KORDS,True,0.772409641486349,-0.020347901342749337,0.21591128087489553,19526289.164025865,True,-0.01789016452786013,-0.031229446983784034,True,True
2020-10-01,KOZAA,True,0.8728129587271438,-0.02234131366130737,0.4128034876268132,154274182.04239702,True,0.05938961476104587,0.06491148487084852,True,True
2020-10-01,KOZAL,True,0.8924369055658159,-0.017256151931682347,0.22437417132397974,140440511.28368127,True,0.05436607031918561,0.05759485967598443,True,True
2020-10-01,KRDMD,True,1.0,-0.030008985463155075,0.5526315504381742,762036509.0183297,True,,,False,False
2020-10-01,LOGO,True,0.9456628745627604,-0.02667934278191723,0.5644482636983228,16290073.700176543,True,0.03604125906234368,0.04419550598541694,False,False
2020-10-01,MAVI,True,0.6264825687059936,-0.023340212977110964,0.0,19810802.382051013,True,,,False,False
2020-10-01,MGROS,True,0.9146559472326968,-0.025591645131479844,0.7215298774355339,125425520.7106095,True,-0.004340379507058789,0.003055495774786157,True,True
2020-10-01,MPARK,True,0.7411101712221779,-0.036671995731942006,0.14379081164953655,87575307.05802286,True,0.02499226001865809,0.022381587568388983,True,True
2020-10-01,NETAS,True,1.0,-0.036244291038658207,0.5806772854439377,69364389.37364344,True,0.01660151716766224,0.14948610024068348,False,False
2020-10-01,NTHOL,True,0.8194443754575899,-0.0361530769364896,0.6515151364634741,61212048.25678344,True,-0.05770144331375965,-0.24527270994313108,True,True
2020-10-01,ODAS,True,0.9491524034893194,-0.03714749152845334,1.0236220945717758,392166148.8050995,True,0.14773222526052848,0.0967523015541581,True,True
2020-10-01,OTKAR,True,0.7943385895590173,-0.01794133488251905,0.3388191189791152,20568195.91489701,True,-0.006035852597831015,-0.03357467204842668,True,True
2020-10-01,OYAKC,True,0.8101519435065979,-0.03309534435844352,0.5661912544206431,147253816.3263093,True,,,False,False
2020-10-01,OZKGY,True,0.8346938761421997,-0.030407970935641272,0.7641509573734686,28830115.76350243,True,,,False,False
2020-10-01,PETKM,True,0.8989246737572455,-0.03466720269880072,0.3079471472277153,795535627.1837661,True,-0.0322145624573098,-0.02864440059414193,True,True
2020-10-01,PETUN,True,0.8249509376125392,-0.03508531551379931,0.9792957070876902,74939746.36150533,True,,,False,False
2020-10-01,PGSUS,True,0.5417487208614268,-0.023137001414286353,0.30978578955898683,197958028.541192,True,-0.0007038326216980972,-0.035164215507495475,True,True
2020-10-01,PNSUT,True,0.9852532641051075,-0.030818195532191426,0.5710433403359616,62479333.10697646,True,,,False,False
2020-10-01,SAHOL,True,0.81965000320017,-0.017330096451713285,0.09324811381111964,100451038.13680188,True,0.062201574597460896,0.044477178392090866,True,True
2020-10-01,SASA,True,0.9835775532557592,-0.03556027030565178,1.117081800578834,353363469.39067537,True,-0.036147047323347364,-0.05047333760015178,True,True
2020-10-01,SELEC,True,0.8803331459483964,-0.021883430062389353,-0.0011454851443684078,41456614.671796575,True,-0.012863813848429967,-0.015764696303622122,True,True
2020-10-01,SISE,True,0.8906049891414611,-0.03360179983215101,0.5964192368974606,1212433216.7343676,True,-0.02080320164103755,-0.03414112687186216,True,True
2020-10-01,SKBNK,True,0.9080463132391173,-0.032760301957672926,0.642857898048931,217456452.5366671,True,,,False,False
2020-10-01,SOKM,True,0.8596008117932324,-0.027332077236510273,0.42141223463479816,76004245.63014306,True,-0.004528946035664838,0.017732409754509577,True,True
2020-10-01,TATGD,True,0.9664083062036615,-0.03020818940781939,0.8312611590163104,53443017.21723576,True,,,False,False
2020-10-01,TAVHL,True,0.5533241252436734,-0.023850099078267625,-0.10309903772887796,147721494.6760389,True,-0.0650604109770258,-0.0874587101993693,True,True
2020-10-01,TCELL,True,0.9053813983769239,-0.01593282633421161,0.1527446782249846,320905666.12299144,True,-0.005880840923108865,0.0023243984006707796,True,True
2020-10-01,THYAO,True,0.6913014574401751,-0.022065938671418362,0.18468478026058377,696548884.7810019,True,-0.04091921389624359,-0.013800637624022394,True,True
2020-10-01,TKFEN,True,0.7780581049530332,-0.02450342500228411,0.2621919413198681,292965458.4609872,True,-0.061933782409023766,-0.09870829115426158,True,True
2020-10-01,TMSN,True,0.9988518681012585,-0.03385606228099309,0.8168674189356742,36300975.32041033,True,0.048857051138760266,0.07983852674371307,True,True
2020-10-01,TOASO,True,0.9242089699538385,-0.02162898370030436,0.35657485986813753,53065575.677417025,True,-0.007017638945977428,0.01077398225750456,True,True
2020-10-01,TRGYO,True,0.696153821977931,-0.037557618068149314,0.9444445618504755,171261370.55984068,True,0.053673486960810535,-0.6652348425973278,True,True
2020-10-01,TSKB,True,0.7785714734033636,-0.02076859919783998,0.195652067087005,144176924.4400627,True,,,False,False
2020-10-01,TTKOM,True,0.8492111584505605,-0.02350846281555895,0.09448123261001862,182076652.58203325,True,0.012464473319362623,0.013320093498970814,True,True
2020-10-01,TTRAK,True,0.9361111143587699,-0.029958789849171507,1.3329937873617665,32928418.268499464,True,0.005536698401361229,-0.0035438519949797104,True,True
2020-10-01,TUPRS,True,0.5640933660654788,-0.025669571920324513,0.04774362828929224,621126247.4225019,True,-0.05526779840167684,-0.06636198517306345,True,True
2020-10-01,TURSG,True,0.9121213940445946,-0.041148045204197785,2.2187506433540913,572218621.6247405,True,,,False,False
2020-10-01,ULKER,True,0.8361130654879357,-0.02139130546825308,0.1926814268435426,56864376.00848325,True,0.008420301454179102,0.01181726144895029,True,True
2020-10-01,VAKBN,True,0.6011645099328583,-0.021390945323725697,-0.07095347126860674,328584321.730018,True,,,False,False
2020-10-01,VESTL,True,0.9331158019015166,-0.02290786798636295,0.7841019579738902,87383143.69797954,True,-0.009324179684159994,0.012657204357833449,True,True
2020-10-01,YATAS,True,0.9312168128041914,-0.026561955476460036,0.5123338870223049,22694555.547852434,True,-0.023719895638192656,-0.033187396718249634,True,True
2020-10-01,YKBNK,True,0.6805112064324097,-0.01862967497339584,0.0904254451136266,305565951.1314046,True,,,False,False
2020-10-01,ZOREN,True,0.8865975561615176,-0.04611714847217028,1.6153872949948629,321225996.9450604,True,-0.05055453157221371,-0.03844371806050739,True,True
2020-11-02,AEFES,True,0.8296668223590516,-0.01916548844672499,0.24322613530884651,34626424.45771543,True,0.011989034603649473,0.014554827061102824,True,True
2020-11-02,AGHOL,True,0.8034894643896335,-0.020904123173422405,0.18254455711465645,15060853.932481455,True,-0.007827238848414297,0.008738549174282906,True,True
2020-11-02,AKBNK,True,0.5398428422978226,-0.020335810643035444,-0.12668926805397873,470050712.11140406,True,,,False,False
2020-11-02,AKCNS,True,0.8064725095252707,-0.03013202437638849,0.7646292260680068,16350255.025078788,True,-0.021911320879567986,-0.023563530241155387,True,True
2020-11-02,AKGRT,True,0.850478554521298,-0.019298457337554736,0.2996633738536858,15635547.736153373,True,,,False,False
2020-11-02,AKSA,True,0.9976356635320442,-0.02359504429454601,0.1604539713885509,44635702.67566789,True,0.007617430861129815,-0.005408942239945702,True,True
2020-11-02,AKSEN,True,0.8727015306122449,-0.038487505788104094,0.6441559295042427,112400881.1142719,True,-0.052553908000469135,-0.044230516526372055,True,True
2020-11-02,AKSGY,True,0.8801743178093904,-0.04194991794478985,0.321568218751592,44045669.56507963,True,,,False,False
2020-11-02,ALARK,True,0.9794528901806406,-0.026920308993429346,0.3215075514389538,70042815.07521595,True,0.1208942717962416,0.08478143199142701,True,True
2020-11-02,ALBRK,True,0.8341968062931852,-0.032178321502503056,0.16406289864281276,153147020.70942765,True,,,False,False
2020-11-02,ALCTL,True,0.860599023912174,-0.04296826846998219,0.3259402267832032,69371170.88627633,True,,,False,False
2020-11-02,ALGYO,True,0.8720621580549109,-0.025766347072676443,0.2837691594573968,39541745.40936184,True,-0.015447286497490387,18.740178436107666,True,True
2020-11-02,ALKIM,True,0.7990867313910698,-0.024873641774872814,0.3436224830863148,141683551.8259419,True,0.025411434464497618,0.03093088752373574,True,True
2020-11-02,ARCLK,True,0.926915039749534,-0.025853898950728108,0.49688666594325204,185182217.97719413,True,0.0018364912529491018,0.04130735653191672,True,True
2020-11-02,ARDYZ,True,,-0.0349589343113254,-0.054786921176253944,65892026.75589116,True,,,False,False
2020-11-02,ASELS,True,0.9089249006513279,-0.02884914274331719,0.36274151320417025,818910489.0432868,True,0.029162251407670897,0.22333469648533275,False,False
2020-11-02,AYGAZ,True,0.8034902531506025,-0.024478332163032777,0.12964841436055008,20276905.87083068,True,0.028881646752178733,0.021712022114632336,True,True
2020-11-02,BAGFS,True,0.7898833452026213,-0.028359531412017063,0.05125070578388935,24475249.601883836,True,-0.017281785647724313,0.08123228240887648,True,True
2020-11-02,BIMAS,True,0.9143696884692822,-0.016197609125835566,0.27753305101230197,245337091.1551252,True,0.0009405973332848594,0.00807745922598277,True,True
2020-11-02,BIZIM,True,0.691908199539289,-0.026273692136303158,0.1533430264849427,63795123.62155911,True,,,False,False
2020-11-02,BRISA,True,1.0,-0.0360449088203603,0.5518473060113342,21786434.331056975,True,0.032011338562247166,-0.008837601809392984,True,True
2020-11-02,BRSAN,True,0.8392321359981904,-0.03608359755456428,0.625403707586002,44963325.24189004,True,-0.05136796950752277,-0.07022294987563374,True,True
2020-11-02,BUCIM,True,0.8937934628040459,-0.02805415968761542,0.7320957842234339,19065014.926160496,True,-0.10377105318927894,-0.09848401020726531,True,True
2020-11-02,CCOLA,True,0.85087556800868,-0.021324722972516065,0.22535054010662958,30974183.89039055,True,0.009423173536640572,0.011695856001206581,True,True
2020-11-02,CEMTS,True,0.8568690599836132,-0.037310745732904375,1.017311183969337,95149315.51246744,True,-0.0194543929478162,0.04046271923839449,True,True
2020-11-02,CIMSA,True,0.8580159129466458,-0.035108228778625974,0.797351316724521,26553217.701087233,True,-0.020983845662726763,-0.03841022312969028,True,True
2020-11-02,CLEBI,True,0.6224398936929679,-0.03112574876379007,-0.06700579701795173,13918060.042197576,True,-0.024820503392385312,-0.07684071001123405,True,True
2020-11-02,DEVA,True,0.908130051037549,-0.03155759624691653,0.06805087693991663,116911996.6897801,True,0.006630459554981205,0.05847404493948993,True,True
2020-11-02,DOAS,True,0.8883198686011451,-0.03613192824229715,0.6519394559623399,41316212.754297785,True,-0.008616371790671096,0.011620461057509524,True,True
2020-11-02,DOCO,True,0.4700627519849092,-0.019710431552448154,-0.10955832339896487,66139900.53465101,True,,,False,False
2020-11-02,DOHOL,True,0.9839358060852599,-0.018347883199976458,0.32967034423487496,160185329.75812548,True,0.012429557322965579,-0.03541876343279575,True,True
2020-11-02,ECILC,True,0.9795917686261604,-0.024589557484150416,0.3412228467189,254629415.77781942,True,0.0038338751811385907,0.28209529432733776,True,True
2020-11-02,EGEEN,True,1.0,-0.037061743560939206,0.29715307397748947,97216037.27460104,True,-0.14139975630767004,-0.1811903225102481,True,True
2020-11-02,EKGYO,True,0.7269427395350503,-0.026494866178281208,0.37374998942392623,578491469.4716243,True,0.21529664787291256,0.0989370320929189,True,True
2020-11-02,ENJSA,True,0.9821052054867896,-0.016013404891035303,0.24335660402373582,31250537.889911953,True,-0.05489983674015464,-0.0029773625745237453,True,True
2020-11-02,ENKAI,True,0.9876543460509716,-0.01529714047897206,0.2458425389423433,29883374.76726212,True,0.004879165864580592,-0.007107629063989179,True,True
2020-11-02,EREGL,True,0.9752229666066847,-0.015411974129642084,0.22741726370774917,222532940.98109108,True,-0.08597966972725574,-0.06628032469267905,True,True
2020-11-02,FROTO,True,1.0,-0.027348135217287475,0.4105687589880995,39978758.303863205,True,0.01251710596736716,0.03746562478865257,True,True
2020-11-02,GARAN,True,0.5304487922402816,-0.02252763160106596,-0.14525818435588744,1197382988.3051329,True,,,False,False
2020-11-02,GOODY,True,1.0,-0.02704367452617719,0.2500009083824808,29868814.814041946,True,,,False,False
2020-11-02,GOZDE,True,0.8577777721263744,-0.03643858184250515,0.4079601677280642,103710953.27234055,True,-0.39674036546473734,-20.522884287011394,True,True
2020-11-02,GSDHO,True,0.7924528149647765,-0.029915125454115513,0.4835410935708331,146130722.19669807,True,-0.24456640068261604,-0.4462998658659483,True,True
2020-11-02,GUBRF,True,0.9124048543789064,-0.027750176180370924,0.9887077539168405,133581299.86120802,True,-0.04717847094090863,-0.0449428215457573,True,True
2020-11-02,HALKB,True,0.6396760956443981,-0.01842169106230362,-0.01727450132992725,260996727.5831949,True,,,False,False
2020-11-02,HEKTS,True,0.8007828003128544,-0.025938301411408574,-0.01574731600808854,69040893.27597514,True,-0.08237518469329719,-0.12703850179082524,True,True
2020-11-02,HLGYO,True,0.8185049974799583,-0.034102941476155224,0.8157490107250296,136722957.68950737,True,0.1925362147039804,0.13508300691915365,True,True
2020-11-02,INDES,True,0.8829841057915244,-0.032831882569043416,0.8204561389011804,56014813.6017648,True,-0.011319767690653383,-0.010362049187357208,False,False
2020-11-02,IPEKE,True,0.7069525582669278,-0.03736089813043717,-0.02308324240144466,200642698.3806259,True,0.060071719213703245,0.0657261698749555,True,True
2020-11-02,ISCTR,True,0.6803166859216034,-0.02152121673283644,0.07815584051540614,208175955.97827613,True,,,False,False
2020-11-02,ISDMR,True,0.9441786154621787,-0.015857792285921952,0.08609828203538106,16056278.110670779,True,-0.07808690001940677,-0.06662856535632569,True,True
2020-11-02,ISFIN,True,0.7792494057167194,-0.02720709210468542,0.14497034157622046,213263485.04482406,True,,,False,False
2020-11-02,ISGYO,True,0.8552036625558137,-0.029245437317415808,0.19480526244153928,119211829.33265035,True,-0.2696643913293843,-0.4873723865872269,True,True
2020-11-02,ISMEN,True,1.0,-0.02185826682084113,0.8363271693109793,49100169.11217688,True,7.670608022578625e-05,0.0005918631587503087,True,True
2020-11-02,KAREL,True,0.8297336984493986,-0.025202368186067296,0.13735267674115836,32439507.184823997,True,,,False,False
2020-11-02,KARTN,True,1.0,-0.04923329811277737,0.48719391476744245,40474453.78610793,True,-0.05327730407947373,-0.05456679779182022,True,True
2020-11-02,KCHOL,True,0.6754693014163405,-0.018335020207495677,-0.0013458915480027978,237263806.3323488,True,0.03489977870004324,-0.020788248728046785,True,True
2020-11-02,KERVT,True,0.8311688641428976,-0.03651956776516265,0.36104512283936696,181307510.01204476,True,-0.017756654916645936,-0.043689929721812834,True,True
2020-11-02,KORDS,True,0.7624205898998366,-0.021032956694472308,0.013986692054282601,22914640.758262247,True,-0.01789016452786013,-0.031229446983784034,True,True
2020-11-02,KOZAA,True,0.8135935687693859,-0.01983708149036075,0.09175085371109759,122583597.34665279,True,0.05938961476104587,0.06491148487084852,True,True
2020-11-02,KOZAL,True,0.8308122213430856,-0.015655097661886046,0.10318550790843517,128900116.43813618,True,0.05436607031918561,0.05759485967598443,True,True
2020-11-02,KRDMD,True,0.9191375066846547,-0.030569309557452153,0.5315316777102834,751343207.2293112,True,,,False,False
2020-11-02,LOGO,True,0.8969022226936052,-0.021275435894356407,0.31553417233655656,15907383.804445297,True,0.019844851369129946,0.02449540445605433,False,False
2020-11-02,MAVI,True,0.6043867185285212,-0.02699012623466643,-0.084520385323124,41037314.411006264,True,,,False,False
2020-11-02,MGROS,True,0.8467382759902208,-0.023565384164024122,0.40977937838578216,102647280.20619081,True,-0.004340379507058789,0.003055495774786157,True,True
2020-11-02,MPARK,True,0.7376409636957767,-0.03231432478852165,0.048466316104552654,106825857.84936167,True,0.02499226001865809,0.022381587568388983,True,True
2020-11-02,NETAS,True,0.9107774467812648,-0.032657773031762156,0.456076106283164,72628220.5092686,True,0.01660151716766224,0.14948610024068348,False,False
2020-11-02,NTHOL,True,0.8563380289257483,-0.03737653762530007,0.23560206091020608,84899824.72848012,True,-0.05770144331375965,-0.24527270994313108,True,True
2020-11-02,ODAS,True,0.8787880221665307,-0.03767282903358416,0.6279076304136615,428689680.48379475,True,0.14773222526052848,0.0967523015541581,True,True
2020-11-02,OTKAR,True,1.0,-0.026976812995318403,0.11156032450370645,43304995.48528111,True,-0.017274546315028505,-0.01855895045674874,True,True
2020-11-02,OYAKC,True,0.7482231044163297,-0.024596439411318147,0.440433520996117,112534164.40112859,True,,,False,False
2020-11-02,OZKGY,True,0.8204081519947402,-0.0287395369057489,0.5610687325603076,34638602.629228055,True,,,False,False
2020-11-02,PETKM,True,0.8494845674628138,-0.03581580309016942,0.19088313422053305,928470062.5576,True,-0.0322145624573098,-0.02864440059414193,True,True
2020-11-02,PETUN,True,0.8006357771626899,-0.03681473181876438,-0.09267243694083005,95017357.60695697,True,,,False,False
2020-11-02,PGSUS,True,0.5030689285464821,-0.02747812056566511,-0.10895241842782988,201038896.80331028,True,-0.0007038326216980972,-0.035164215507495475,True,True
2020-11-02,PNSUT,True,0.8429764512863928,-0.030579449616438163,0.20450687964757774,66291797.06344959,True,,,False,False
2020-11-02,SAHOL,True,0.8335422511949739,-0.018431583916540612,0.033792253044877096,102486185.67030597,True,0.062201574597460896,0.044477178392090866,True,True
2020-11-02,SASA,True,0.8721932842184406,-0.030061519970317998,0.9078457731465897,258944329.154318,True,-0.036147047323347364,-0.05047333760015178,True,True
2020-11-02,SELEC,True,0.9421735487628515,-0.022932477117168427,0.06281415190202266,54901883.71924945,True,-0.012863813848429967,-0.015764696303622122,True,True
2020-11-02,SISE,True,0.8159588665397554,-0.031333042233350594,0.41545132714481414,1272306079.992716,True,-0.018999353437619215,-0.0012176189203835508,True,True
2020-11-02,SKBNK,True,0.8382351305671201,-0.03809067930251661,0.5643569697128676,305559105.17003816,True,,,False,False
2020-11-02,SOKM,True,0.7825189306520627,-0.021854846121468777,0.02883033339778196,80853730.18994872,True,-0.004528946035664838,0.017732409754509577,True,True
2020-11-02,TATGD,True,0.8140822712712615,-0.0260561806445557,0.4440154851102638,52383348.77244439,True,,,False,False
2020-11-02,TAVHL,True,0.5176373789087098,-0.02131400467855741,-0.15005533365735246,135040525.16402504,True,-0.16107466523418373,-0.26548524512482957,True,True
2020-11-02,TCELL,True,0.8708743611966931,-0.017989417943694328,0.09906678754146236,320524950.3220022,True,-0.005880840923108865,0.0023243984006707796,True,True
2020-11-02,THYAO,True,0.61608896063738,-0.02238913956300017,-0.008442835325927045,633043583.2001957,True,-0.04091921389624359,-0.013800637624022394,True,True
2020-11-02,TKFEN,True,0.7060928532190903,-0.02170308525069993,0.08519627201825197,210056599.96265152,True,-0.09820047253442553,-0.15443086424728059,True,True
2020-11-02,TMSN,True,0.8118643871911196,-0.037270800580125364,0.5535714209687952,46094070.535908215,True,0.048857051138760266,0.07983852674371307,True,True
2020-11-02,TOASO,True,0.9448764033617966,-0.02263146720659017,0.18045120223286593,54512170.73793714,True,-0.0002924014287584431,-0.020160894585456016,True,True
2020-11-02,TRGYO,True,0.661538479878811,-0.027970613015353217,0.5739128330795833,141685720.0917163,True,0.053673486960810535,-0.6652348425973278,True,True
2020-11-02,TSKB,True,1.0,-0.034988370249420135,0.02830198483144941,219133435.8055236,True,,,False,False
2020-11-02,TTKOM,True,0.7760848007667002,-0.024403086836033306,-0.0007923439683340527,174784748.3118354,True,0.012464473319362623,0.013320093498970814,True,True
2020-11-02,TTRAK,True,0.9214875702458123,-0.027539031812364383,0.8005343662728022,32348030.924039267,True,0.046945523948976,0.04803658501686538,True,True
2020-11-02,TUPRS,True,0.5834620939437087,-0.026207227809924537,-0.07652175475658285,663528645.6613326,True,-0.05526779840167684,-0.06636198517306345,True,True
2020-11-02,TURSG,True,0.8560612839001323,-0.032203804190234255,0.9050673112957788,478434029.8739322,True,,,False,False
2020-11-02,ULKER,True,0.7469180681422312,-0.021687013427614713,-0.018066153037742172,47674461.12556485,True,0.008420301454179102,0.01181726144895029,True,True
2020-11-02,VAKBN,True,0.5589519618830112,-0.021243870938251246,-0.09628009643170354,302185416.04962516,True,,,False,False
2020-11-02,VESTL,True,0.8897892556787096,-0.021635145688332743,0.3099236471850966,75633362.95404571,True,-0.009324179684159994,0.012657204357833449,True,True
2020-11-02,YATAS,True,0.888334831890811,-0.025774640292904816,0.32530130195845763,28624972.18635339,True,-0.023719895638192656,-0.033187396718249634,True,True
2020-11-02,YKBNK,True,0.6996805586644644,-0.020631837535706233,0.009478820739832639,329736743.1626235,True,,,False,False
2020-11-02,ZOREN,True,0.8202611864199185,-0.04117764774822638,1.0314972141494567,391250647.03447896,True,-0.05055453157221371,-0.03844371806050739,True,True
2020-12-01,AEFES,True,0.9149518564366693,-0.02165356736182076,0.17118890058914227,42057318.20719093,True,0.00879930213820096,0.016110325002781048,True,True
2020-12-01,AGHOL,True,0.9695066786329838,-0.024594063798975586,-0.029395484031477626,21796561.18852971,True,-0.0019983666355826712,-0.0005181415023048364,True,True
2020-12-01,AKBNK,True,0.7081928927697607,-0.027050397167475898,-0.16925719472738066,661602722.297963,True,,,False,False
2020-12-01,AKCNS,True,1.0,-0.025242170953820264,0.2911918172746424,19976533.325086974,True,0.015592655023142915,0.011103544646443614,True,True
2020-12-01,AKGRT,True,0.9186605420739269,-0.018766474841975276,0.11093747009068866,17981160.183046304,True,,,False,False
2020-12-01,AKSA,True,0.9863512541180264,-0.0240873661775327,0.2710847692361089,61964012.69874247,True,0.03541001805025648,0.061783544582241626,True,True
2020-12-01,AKSEN,True,0.9796195724471413,-0.02683039612922603,0.3016878451341889,122725905.98357658,True,-0.05292920758734415,-0.04972362464624436,True,True
2020-12-01,AKSGY,True,0.7864927552765234,-0.03647960068837625,0.42363038114693485,55407778.53033716,True,,,False,False
2020-12-01,ALARK,True,0.961538329464052,-0.025501298068166513,0.19752682065513616,87558768.26292796,True,0.13636092634956093,0.3924700516349178,True,True
2020-12-01,ALBRK,True,0.8911916206797773,-0.026357843038906315,0.08053735511371096,219389588.6508303,True,,,False,False
2020-12-01,ALCTL,True,0.7908937026834968,-0.040716483467533746,0.5449844325243374,68568333.64770275,True,,,False,False
2020-12-01,ALGYO,True,1.0,-0.02524603665344107,0.14393455785703146,52518992.36942676,True,-0.015447286497490387,18.740178436107666,True,True
2020-12-01,ALKIM,True,0.7945204496659526,-0.02319642517391482,0.15226334537571873,129299639.52388655,True,0.04948112052935427,0.11829715936386387,True,True
2020-12-01,ARCLK,True,0.949728178103599,-0.021046152651006535,0.6105006913197688,197636906.8384663,True,0.0018364912529491018,0.04130735653191672,True,True
2020-12-01,ARDYZ,True,,-0.03653934476194841,0.28209794252636633,70283449.3499794,True,,,False,False
2020-12-01,ASELS,True,0.9254132793254004,-0.020644002864162393,0.08768521465410317,736489511.3345852,True,0.029162251407670897,0.22333469648533275,False,False
2020-12-01,AYGAZ,True,0.9810319499766273,-0.023937531052313846,-0.051075285909432444,20891157.671855655,True,0.02789388106586263,0.0199371128451746,True,True
2020-12-01,BAGFS,True,0.9293071425256213,-0.031331838922793676,-0.08248585324350621,48119997.56098724,True,-0.033166908109054344,-0.14517426943690281,True,True
2020-12-01,BIMAS,True,0.9559011230895779,-0.011492659179405593,0.0690428974049564,206887165.99111223,True,0.0050908407137642275,0.00973993617751523,True,True
2020-12-01,BIZIM,True,0.7806633931586319,-0.0222401487250448,-0.03770138483861685,68832016.93655704,True,,,False,False
2020-12-01,BRISA,True,0.975897455725566,-0.03562600876397036,0.4899633634803304,42096086.68161913,True,0.032011338562247166,-0.008837601809392984,True,True
2020-12-01,BRSAN,True,0.9796040701240669,-0.032053169754609145,0.34390009377339514,50647806.084246546,True,-0.042859204578462706,-0.05899256055295311,True,True
2020-12-01,BUCIM,True,0.9292931409753113,-0.03736169615807044,0.5539577102293067,36241623.49773754,True,-0.018087464016350696,0.07011971378768889,True,True
2020-12-01,CCOLA,True,0.949878840190366,-0.02356139635029137,0.11551457136221344,45413612.05161733,True,0.017885223852103116,0.033395562609781965,True,True
2020-12-01,CEMTS,True,0.9487663891745902,-0.03491255366134806,0.7039389246252135,108828006.87325634,True,-0.0194543929478162,0.04046271923839449,True,True
2020-12-01,CIMSA,True,0.9936748168696263,-0.031158406489572844,0.3595268875007218,38719667.232334465,True,0.026984253749347348,0.07605307439763423,True,True
2020-12-01,CLEBI,True,0.8778335683504923,-0.03604682321557544,-0.15194382244323867,29641488.534124706,True,-0.02546540385566723,-0.006373368948119379,True,True
2020-12-01,DEVA,True,0.9592156914549151,-0.030352316708464964,0.19529158365840038,113423897.23339882,True,0.005464703953765415,0.10014828226898426,True,True
2020-12-01,DOAS,True,0.9022555117438766,-0.04492028941121954,0.5893679439544741,80128159.8570387,True,-0.010288770490519558,0.042421141012897,True,True
2020-12-01,DOCO,True,0.7973355393092151,-0.03222483953846678,-0.20196909227419002,133891574.49850076,True,,,False,False
2020-12-01,DOHOL,True,0.9734849027072152,-0.018401548713113326,0.2694300964247103,202412771.1152415,True,0.025448807504431598,0.09696213728284928,True,True
2020-12-01,ECILC,True,0.9632653807322515,-0.024323115426146125,0.27886310534522996,296238605.926383,True,0.0038338751811385907,0.28209529432733776,True,True
2020-12-01,EGEEN,True,0.9710983160884561,-0.047971613683224536,0.7676167045653803,132543960.02022588,True,-0.15058566394772005,-0.12580140312189844,True,True
2020-12-01,EKGYO,True,0.91603191764882,-0.022590688114896836,0.01433858717373071,496078219.20527893,True,0.1337804278964849,0.08311070264914419,True,True
2020-12-01,ENJSA,True,1.0,-0.01533991392378988,0.15613385073551145,40475022.00507246,True,-0.061041281771935296,0.0058905743764132434,True,True
2020-12-01,ENKAI,True,0.9271781225438707,-0.01270213112586851,0.3043478717010306,24063113.803100366,True,0.015251077635212135,0.009466819896669282,True,True
2020-12-01,EREGL,True,0.9479429061139929,-0.023142905346189034,0.22407913233175858,241247901.7738926,True,-0.08597966972725574,-0.06628032469267905,True,True
2020-12-01,FROTO,True,0.9151999819044815,-0.029953420328909554,0.7030300931384696,59854658.283052444,True,0.01251710596736716,0.03746562478865257,True,True
2020-12-01,GARAN,True,0.7379808825292812,-0.029875705191732913,-0.1776397092433607,2025741678.0846295,True,,,False,False
2020-12-01,GOODY,True,0.9822113049898027,-0.02884741584977766,0.32653146560735946,53119726.58811506,True,,,False,False
2020-12-01,GOZDE,True,0.979885076764616,-0.030367628126461602,0.3465115593084487,110600315.32665801,True,-0.39674036546473734,-20.522884287011394,True,True
2020-12-01,GSDHO,True,0.8528301769060939,-0.02787513985357934,0.20689654607425778,166219261.48077378,True,-0.37077768323346927,-0.2819580678009428,True,True
2020-12-01,GUBRF,True,0.9884837141709492,-0.03919475751388982,0.28801842305342773,261386712.0667594,True,-0.022590328320191866,-0.09094472568158207,True,True
2020-12-01,HALKB,True,0.7314440199599791,-0.020236953448157742,-0.12384474957322633,416045937.87015253,True,,,False,False
2020-12-01,HEKTS,True,0.8380134306764123,-0.021887861833940373,-0.19921719968714557,69143756.47874665,True,-0.08237518469329719,-0.12703850179082524,True,True
2020-12-01,HLGYO,True,0.8731991833225394,-0.04059187805494668,0.23556933273897718,171729626.10232335,True,0.018090603997078625,-0.006214357873189913,True,True
2020-12-01,INDES,True,0.863124092438098,-0.031439452945256956,0.5366387483429633,66514946.76868016,True,-0.01635211085901799,-0.010908200553280234,False,False
2020-12-01,IPEKE,True,0.7680311521209648,-0.027152373233094673,-0.2707774759513636,204819063.83589572,True,0.027083588985122864,0.02396664566754314,True,True
2020-12-01,ISCTR,True,0.8956405723777948,-0.027596257927818706,0.011787533830091457,334666682.0713838,True,,,False,False
2020-12-01,ISDMR,True,0.9838338074596858,-0.021626850870249428,0.09865624861101341,27714112.982014745,True,-0.07808690001940677,-0.06662856535632569,True,True
2020-12-01,ISFIN,True,0.8278145311959381,-0.022469238246207425,-0.11750000715255737,184413450.30846167,True,,,False,False
2020-12-01,ISGYO,True,0.9592760470206093,-0.026628863448954484,0.08620692501931804,143158791.98581272,True,-0.2696643913293843,-0.4873723865872269,True,True
2020-12-01,ISMEN,True,0.9863430632741885,-0.024614620861159342,0.873920013898366,54785764.53989068,True,7.670608022578625e-05,0.0005918631587503087,True,True
2020-12-01,KAREL,True,0.8864888739603233,-0.0205757005227064,0.07133636515195141,31143037.11395883,True,,,False,False
2020-12-01,KARTN,True,0.9554469318018882,-0.05216887075630032,3.4548700512507686,60212744.84855285,True,-0.00023884965482873222,0.010711409915200726,True,True
2020-12-01,KCHOL,True,0.8591330152635099,-0.022860614681161066,-0.16878608804167694,291261246.69429976,True,0.07853948262843974,-0.003946684396060843,True,True
2020-12-01,KERVT,True,0.9285714639582315,-0.03959913506435057,0.604010045130426,226639993.4801533,True,-0.006071840592073302,-0.0494068620559379,True,True
2020-12-01,KORDS,True,0.9921466098438375,-0.02269597007353201,0.008809884184265204,34320855.3106859,True,-0.018873595745048127,-0.007191831506760268,True,True
2020-12-01,KOZAA,True,0.8707940699425787,-0.022268147184525255,-0.009016365442375496,143165294.77400166,True,0.024757964246985176,0.022947728031737835,True,True
2020-12-01,KOZAL,True,0.8515404438984305,-0.017801341494666004,-0.024342029440726498,163335371.6795536,True,0.024367300258621216,0.026740566268623978,True,True
2020-12-01,KRDMD,True,0.9518304169872532,-0.03164553502257703,0.3217054062565883,1149025425.045011,True,,,False,False
2020-12-01,LOGO,True,1.0,-0.02138318555542546,0.2328677401775494,22208117.01189362,True,0.019844851369129946,0.02449540445605433,False,False
2020-12-01,MAVI,True,0.7691307493924683,-0.029881230669509328,-0.18670746387651893,61748498.220756106,True,,,False,False
2020-12-01,MGROS,True,0.9276140094892367,-0.016523519098880918,0.10110428386307402,103954347.1116652,True,-0.012385462897371968,-0.005792270621832109,True,True
2020-12-01,MPARK,True,0.8768430087441101,-0.029975385277492356,0.03404251914711254,135117075.2305779,True,0.05279730165222957,0.06397089665419697,True,True
2020-12-01,NETAS,True,0.879159360313353,-0.029851506800755448,0.4142661829309564,71389805.58633667,True,-0.002100899651391791,0.006776602509588829,False,False
2020-12-01,NTHOL,True,0.8929577799643634,-0.036077442555047,0.25619829174078657,100776789.86188823,True,-0.018356270376087114,-0.20511858186475387,True,True
2020-12-01,ODAS,True,0.9380052443304872,-0.03333125120743399,0.6111117268871542,611725169.4657787,True,0.11260660538375253,0.05870686268752923,True,True
2020-12-01,OTKAR,True,0.9908333103529713,-0.034866328573804485,0.3426883593352703,111353795.7149047,True,-0.017274546315028505,-0.01855895045674874,True,True
2020-12-01,OYAKC,True,0.8324872679602765,-0.0224638799180199,0.20424858067210838,127295057.08068682,True,,,False,False
2020-12-01,OZKGY,True,0.8714285812903166,-0.024506578202595487,0.27215183679211674,38367434.69696971,True,,,False,False
2020-12-01,PETKM,True,1.0,-0.028669138486186786,0.13186809645515285,988636045.7415438,True,0.010789176670332926,0.026512095936198382,True,True
2020-12-01,PETUN,True,0.8032718047132209,-0.036417631203528006,0.3559442548858003,94761741.54857379,True,,,False,False
2020-12-01,PGSUS,True,0.7284308351827803,-0.03646091599815072,-0.26991598050076404,364804825.9645237,True,-0.2789658028642994,-0.31816334295305326,True,True
2020-12-01,PNSUT,True,0.9580840173120859,-0.0327998765682356,0.06758521658565231,65449291.16885402,True,,,False,False
2020-12-01,SAHOL,True,0.931192647152207,-0.02436735830516086,-0.06458801801807712,135365481.00395572,True,0.11183371127022179,0.12272149894267115,True,True
2020-12-01,SASA,True,0.9829757037206142,-0.0207005664039375,0.46802203366914963,188031893.88053873,True,0.06770226997016372,0.09017980312079976,True,True
2020-12-01,SELEC,True,1.0,-0.03128524869342707,0.16810869117073546,70512641.98940007,True,-0.013037253296075635,-0.016451893835059454,True,True
2020-12-01,SISE,True,0.8918918716770182,-0.02623168313144029,0.2604373836805589,1342081093.445451,True,-0.018999353437619215,-0.0012176189203835508,True,True
2020-12-01,SKBNK,True,0.8646067621256576,-0.03570055268615406,0.44915236924939683,388092653.93608844,True,,,False,False
2020-12-01,SOKM,True,0.8355127020354682,-0.020569847172028945,-0.04614089903278784,103459255.1435171,True,-0.0009952417609388753,0.01713880352577967,True,True
2020-12-01,TATGD,True,0.8868670905178708,-0.024599452016711383,0.16139967608321837,53123095.99936802,True,,,False,False
2020-12-01,TAVHL,True,0.7339204134876709,-0.0270602107231558,-0.3008763596473938,195535438.3324778,True,-0.16107466523418373,-0.26548524512482957,True,True
2020-12-01,TCELL,True,0.905455145654014,-0.019757810670356462,0.0750535062999429,417726606.11499417,True,-0.014354562884196509,0.11083552264634997,True,True
2020-12-01,THYAO,True,0.816219683697952,-0.026164302241592,-0.25356573539833294,1098062029.271338,True,-0.0948696903374357,-0.051735199843372826,True,True
2020-12-01,TKFEN,True,0.7843158933693037,-0.01862655738881791,-0.05215007028151297,187443022.40975118,True,-0.09820047253442553,-0.15443086424728059,True,True
2020-12-01,TMSN,True,0.8915254481117532,-0.03436205126837784,0.5577235406747905,59187860.29512773,True,0.09339796001886279,0.06580037401709767,True,True
2020-12-01,TOASO,True,0.9771812724303636,-0.02026253754962534,0.1646343002501518,73880466.52261786,True,-0.0002924014287584431,-0.020160894585456016,True,True
2020-12-01,TRGYO,True,0.7057693212204996,-0.024533807561292784,0.26007328200152746,141845384.47374827,True,-0.03620820374937528,-0.8854510094427084,True,True
2020-12-01,TSKB,True,0.8560884745310632,-0.04533461747433399,1.236842199334212,412853651.82098144,True,,,False,False
2020-12-01,TTKOM,True,0.9129020828023795,-0.023679526301601937,-0.1133385636815799,192694933.14346042,True,-0.0024000029161728165,-0.018034161193955456,True,True
2020-12-01,TTRAK,True,0.959533734301357,-0.024654731954417364,0.7854281838937143,50661462.50405853,True,0.046945523948976,0.04803658501686538,True,True
2020-12-01,TUPRS,True,0.7269532797056208,-0.021379054835980165,-0.15877440696447997,586757015.980032,True,-0.02854487483033164,-0.07577915211237346,True,True
2020-12-01,TURSG,True,0.8742429516453072,-0.02226747021437116,0.5870780837710501,281128803.4816622,True,,,False,False
2020-12-01,ULKER,True,0.804931042090379,-0.019472317868923898,-0.12208180665679647,51456054.27955349,True,0.013208203068570401,0.023799433666663705,True,True
2020-12-01,VAKBN,True,0.6826783312004067,-0.025487843111336863,-0.18644065998710724,486255150.6732732,True,,,False,False
2020-12-01,VESTL,True,0.9815354353598711,-0.019036379807171825,0.16478065948612985,93187077.64994434,True,0.036368675961611724,-0.037536697291543686,True,True
2020-12-01,YATAS,True,0.9891666905926654,-0.02581999422698087,0.17701433208265605,48716240.62985248,True,-0.022496311051118045,0.009393852874211933,True,True
2020-12-01,YKBNK,True,0.9552716482252018,-0.031584201793112096,-0.0950414470646006,608631739.0473077,True,,,False,False
2020-12-01,ZOREN,True,0.8856207229617327,-0.028617403857731757,0.6298696547719793,365334561.51635396,True,-0.02621605560460946,-0.01618527539520978,True,True
2021-01-04,AEFES,True,0.9936129758714183,-0.021605396061382412,0.14664739414697392,54361241.72663185,True,0.00879930213820096,0.016110325002781048,True,True
2021-01-04,AGHOL,True,0.9402135506986113,-0.027102431498816568,0.11746982542417173,32490978.816835992,True,-0.0019983666355826712,-0.0005181415023048364,True,True
2021-01-04,AKBNK,True,0.7968573962092534,-0.02683138167952586,0.057626974279765486,740627213.5125283,True,,,False,False
2021-01-04,AKCNS,True,1.0,-0.032427030171943434,0.19531244057210606,33738592.114112504,True,0.015592655023142915,0.011103544646443614,True,True
2021-01-04,AKGRT,True,1.0,-0.020232454136815098,0.08979623788501456,28463196.715678956,True,,,False,False
2021-01-04,AKSA,True,1.0,-0.027568199603264457,0.44113748422642485,63627533.49643037,True,0.03541001805025648,0.061783544582241626,True,True
2021-01-04,AKSEN,True,1.0,-0.023778633444441723,0.32379236537581724,116174945.20003815,True,-0.05292920758734415,-0.04972362464624436,True,True
2021-01-04,AKSGY,True,0.7734201918411937,-0.0319027172899671,0.06744944370702721,60111639.83501519,True,,,False,False
2021-01-04,ALARK,True,1.0,-0.02567410021837333,0.2208382444004504,122194951.56539504,True,0.13636092634956093,0.3924700516349178,True,True
2021-01-04,ALBRK,True,0.9707319372269976,-0.02890212423189791,-0.06521705522698473,270128871.7790036,True,,,False,False
2021-01-04,ALCTL,True,0.8600336932743395,-0.03892343288257164,0.47591925366265775,71566892.70749803,True,,,False,False
2021-01-04,ALGYO,True,0.9878875906686271,-0.03055296826167313,0.308294144354496,94699522.99204873,True,-0.015447286497490387,18.740178436107666,True,True
2021-01-04,ALKIM,True,0.8984017492746053,-0.023569223428977954,0.07020151850342593,109803204.64571626,True,0.04948112052935427,0.11829715936386387,True,True
2021-01-04,ARCLK,True,0.9632446840697824,-0.02096055370933287,0.5094937780959967,250900455.52386966,True,0.0018364912529491018,0.04130735653191672,True,True
2021-01-04,ASELS,True,0.9486237851957092,-0.0163829770302288,0.11029234836081403,677903751.7313057,True,0.029162251407670897,0.22333469648533275,False,False
2021-01-04,AYGAZ,True,0.9979729883478984,-0.02388698514217096,0.06409210836600643,28029368.248461135,True,0.02789388106586263,0.0199371128451746,True,True
2021-01-04,BAGFS,True,0.9438202000871011,-0.03390601610940986,0.14350275678735547,60095115.135621,True,-0.033166908109054344,-0.14517426943690281,True,True
2021-01-04,BERA,True,0.9542124178569453,-0.04843076259805719,1.9235809320753985,40627294.035979666,True,0.053695419017978474,0.06370862183391848,True,True
2021-01-04,BIMAS,True,1.0,-0.012791776863672383,0.06668302909929347,232674177.30379486,True,0.0050908407137642275,0.00973993617751523,True,True
2021-01-04,BIZIM,True,0.7334227332341287,-0.021385383080955975,-0.19202194535411599,60858101.27050447,True,,,False,False
2021-01-04,BRISA,True,0.9891732500642797,-0.034118728626957154,0.44239644199045025,54751766.55912231,True,0.032011338562247166,-0.008837601809392984,True,True
2021-01-04,BRSAN,True,0.8282828071049474,-0.041848216820275896,0.36683419333087697,109606849.5308857,True,-0.042859204578462706,-0.05899256055295311,True,True
2021-01-04,BUCIM,True,1.0,-0.037482777560770834,0.9483880580794055,46005375.8496396,True,-0.018087464016350696,0.07011971378768889,True,True
2021-01-04,CCOLA,True,1.0,-0.024021778106526448,0.38237930673519616,50361205.620842524,True,0.017885223852103116,0.033395562609781965,True,True
2021-01-04,CEMTS,True,0.9783133162749721,-0.030755291283702073,0.6910764379802661,102970788.73986414,True,-0.0194543929478162,0.04046271923839449,True,True
2021-01-04,CIMSA,True,1.0,-0.02790852523572743,0.5692010361548994,46327071.000859484,True,0.026984253749347348,0.07605307439763423,True,True
2021-01-04,DEVA,True,0.9552942094652775,-0.02969475626798325,0.20000005851747726,115488850.79338035,True,0.005464703953765415,0.10014828226898426,True,True
2021-01-04,DOAS,True,0.882205468884059,-0.04571719548519633,0.813209179009581,87231184.03095151,True,-0.010288770490519558,0.042421141012897,True,True
2021-01-04,DOHOL,True,0.9595015896259383,-0.023822789633727182,0.2110090558787232,427386887.0878951,True,0.025448807504431598,0.09696213728284928,True,True
2021-01-04,ECILC,True,0.9582806184588596,-0.026936491998875108,0.09642302600657682,351495367.10339624,True,0.0038338751811385907,0.28209529432733776,True,True
2021-01-04,EGEEN,True,0.9714519298668887,-0.051786962913381834,1.7016631750210411,181149090.08678326,True,-0.15058566394772005,-0.12580140312189844,True,True
2021-01-04,EGGUB,True,0.9588244212525288,-0.029302955956188044,0.5677571982688354,38927501.419864684,True,-0.009307529306926937,-0.08124112277468498,True,True
2021-01-04,EKGYO,True,0.9874656632829713,-0.027296974914202007,0.07274099717267579,668554668.6188756,True,0.1337804278964849,0.08311070264914419,True,True
2021-01-04,ENJSA,True,1.0,-0.01834199831569127,0.24133961193336262,53592500.011476256,True,-0.061041281771935296,0.0058905743764132434,True,True
2021-01-04,ENKAI,True,0.9726917541163399,-0.011610410871532827,0.15999986410073763,30427487.716145363,True,0.015251077635212135,0.009466819896669282,True,True
2021-01-04,EREGL,True,0.9711286351471901,-0.02959088485671977,0.40210844336788365,390138985.27796406,True,-0.08597966972725574,-0.06628032469267905,True,True
2021-01-04,FROTO,True,0.992913543187833,-0.029428983170099787,0.5783709863332172,83640691.56556614,True,0.01251710596736716,0.03746562478865257,True,True
2021-01-04,GARAN,True,0.8277243295834377,-0.02898344068405867,0.11922140708083706,2389511493.441047,True,,,False,False
2021-01-04,GOODY,True,0.9903957987483475,-0.028567339157065972,0.2854737814120196,67110629.17023708,True,,,False,False
2021-01-04,GOZDE,True,1.0,-0.03266238761723215,0.38755016484873295,133703568.71824065,True,-0.39674036546473734,-20.522884287011394,True,True
2021-01-04,GSDHO,True,0.9509433564412826,-0.026873547211422006,0.06392695787764291,211541435.91594556,True,-0.37077768323346927,-0.2819580678009428,True,True
2021-01-04,GUBRF,True,0.8990132974632241,-0.04766314370976458,0.8251646396262211,544674469.5348866,True,-0.022590328320191866,-0.09094472568158207,True,True
2021-01-04,HALKB,True,0.7476383368331423,-0.019427230207527638,-0.11001643013247464,449343166.7195707,True,,,False,False
2021-01-04,HEKTS,True,0.9716461376911274,-0.028578636802841322,-0.08977972693926939,127587150.69947593,True,-0.08237518469329719,-0.12703850179082524,True,True
2021-01-04,HLGYO,True,0.7260868011980368,-0.05062452424044013,0.45891498481773496,189836630.01191944,True,0.018090603997078625,-0.006214357873189913,True,True
2021-01-04,IHLGM,True,0.8309639964034327,-0.02583384665165717,-0.08941081483901026,150621832.45628175,True,-0.018820054477681092,-0.04173696609133312,True,True
2021-01-04,INDES,True,1.0,-0.02408521523500674,0.4598931764437244,59759535.39156593,True,-0.01635211085901799,-0.010908200553280234,False,False
2021-01-04,IPEKE,True,0.8921377021406859,-0.02603069927786808,-0.12790699125045413,291956762.1663986,True,0.027083588985122864,0.02396664566754314,True,True
2021-01-04,ISCTR,True,0.9299868002029932,-0.027314366642464737,0.24208606114086217,355347305.320547,True,,,False,False
2021-01-04,ISDMR,True,0.99116774888244,-0.02420271624399526,0.17311356982225945,45504001.83728394,True,-0.07808690001940677,-0.06662856535632569,True,True
2021-01-04,ISFIN,True,0.8896247291738749,-0.02308102682291323,-0.11294118095846739,199332535.41427594,True,,,False,False
2021-01-04,ISGYO,True,1.0,-0.03420651006941365,0.043902526187053814,197586726.29408276,True,-0.2696643913293843,-0.4873723865872269,True,True
2021-01-04,ISMEN,True,0.9904920511678058,-0.02598509324734765,0.9757210265394656,67458043.68220028,True,7.670608022578625e-05,0.0005918631587503087,True,True
2021-01-04,KARSN,True,0.9648648343876911,-0.025254361993682396,-0.12209304340340854,228982839.32110122,True,0.09724683763022329,0.33481394217888016,True,True
2021-01-04,KARTN,True,0.6891974753308195,-0.06287725673104837,5.37579194293336,282128939.76655483,True,-0.00023884965482873222,0.010711409915200726,True,True
2021-01-04,KCHOL,True,0.9967634234545718,-0.021923792855432757,0.058252475494184885,290104980.9513434,True,0.07853948262843974,-0.003946684396060843,True,True
2021-01-04,KERVT,True,0.8584415970453435,-0.03764330779939758,0.3762182817317461,202440176.31755304,True,-0.006071840592073302,-0.0494068620559379,True,True
2021-01-04,KONYA,True,0.9148223366042262,-0.05454507925976734,2.980378501381578,70734009.13012308,True,-0.016152273035785106,-0.020604927413599216,True,True
2021-01-04,KORDS,True,0.9618033755895474,-0.02314303813661367,0.1367583535648118,37277945.113692604,True,-0.018873595745048127,-0.007191831506760268,True,True
2021-01-04,KOZAA,True,1.0,-0.026055572798885027,0.0,267294339.81490374,True,0.024757964246985176,0.022947728031737835,True,True
2021-01-04,KOZAL,True,1.0,-0.024329183139276418,-0.05545527337028566,337398996.1382343,True,0.024367300258621216,0.026740566268623978,True,True
2021-01-04,KRDMD,True,1.0,-0.03194400705310697,0.5917720818134444,1263091019.124197,True,,,False,False
2021-01-04,LOGO,True,0.94331053489847,-0.023131834514475647,0.3208685168134424,35988086.66112991,True,0.019844851369129946,0.02449540445605433,False,False
2021-01-04,MAVI,True,0.8643379035506051,-0.02934947626178815,-0.017031621717957357,64458867.13895883,True,,,False,False
2021-01-04,MGROS,True,0.9955317716195605,-0.01636724623068288,0.04602923771978018,111594210.42243207,True,-0.012385462897371968,-0.005792270621832109,True,True
2021-01-04,MPARK,True,0.8759757688968337,-0.029187063558459885,0.0,133750350.0901113,True,0.05279730165222957,0.06397089665419697,True,True
2021-01-04,NETAS,True,0.9772888792506191,-0.03357744673505988,0.3397190131967578,93039561.94524541,True,-0.002100899651391791,0.006776602509588829,False,False
2021-01-04,NTHOL,True,0.9344262284403002,-0.0374439217163122,0.19771861532297108,117254859.86683315,True,-0.018356270376087114,-0.20511858186475387,True,True
2021-01-04,ODAS,True,0.9560977895410611,-0.03419501705422625,0.36398489657723543,815171863.2727095,True,0.11260660538375253,0.05870686268752923,True,True
2021-01-04,OTKAR,True,1.0,-0.04175470745330427,0.5364916856832389,226417819.04087976,True,-0.017274546315028505,-0.01855895045674874,True,True
2021-01-04,OYAKC,True,0.9238576781805364,-0.022936654513979728,-0.034482702679464405,166879489.75023738,True,,,False,False
2021-01-04,OZKGY,True,0.9618874524842878,-0.031135968969700258,0.07710268846103863,79767647.93580651,True,,,False,False
2021-01-04,PETKM,True,0.974609352080733,-0.030059799734671384,0.2258993800842335,1253830124.1836834,True,0.010789176670332926,0.026512095936198382,True,True
2021-01-04,PGSUS,True,0.871856286556057,-0.039893951960239565,0.19020724161029579,522561010.0799161,True,-0.2789658028642994,-0.31816334295305326,True,True
2021-01-04,PNSUT,True,0.9758386097194726,-0.029100842130796695,0.18141710900604413,53788306.799788065,True,,,False,False
2021-01-04,SAHOL,True,1.0,-0.024494142686659153,0.11964876223064014,162401035.8188458,True,0.11183371127022179,0.12272149894267115,True,True
2021-01-04,SASA,True,1.0,-0.02639837412947686,0.49911912301222205,236627243.48624837,True,0.06770226997016372,0.09017980312079976,True,True
2021-01-04,SELEC,True,0.7329295208601612,-0.04832857553558865,0.817884646682115,184830305.53601462,True,-0.013037253296075635,-0.016451893835059454,True,True
2021-01-04,SISE,True,0.9485200068893025,-0.02008188596997701,0.21815014551063516,1256185146.8084583,True,-0.018999353437619215,-0.0012176189203835508,True,True
2021-01-04,SKBNK,True,0.9116601669678722,-0.03568563751544334,0.058264058108492556,439335685.14837193,True,,,False,False
2021-01-04,SOKM,True,0.8940123170658376,-0.020894746236599197,-0.11476613051742202,123948062.9317075,True,-0.0009952417609388753,0.01713880352577967,True,True
2021-01-04,TATGD,True,0.9580695752076255,-0.02256916175446812,0.11414143885258388,46191208.83173052,True,,,False,False
2021-01-04,TAVHL,True,0.763365614404292,-0.027109028474178894,0.06627477013555905,234423711.1937027,True,-0.16107466523418373,-0.26548524512482957,True,True
2021-01-04,TCELL,True,0.9742388258243142,-0.01980836136611792,-0.0021770699418580675,503964624.34679705,True,-0.014354562884196509,0.11083552264634997,True,True
2021-01-04,THYAO,True,0.8293001623407511,-0.027581061773616702,0.02265091828478738,1429543822.7032125,True,-0.0948696903374357,-0.051735199843372826,True,True
2021-01-04,TKFEN,True,0.8740115646423139,-0.01930405303134025,-0.08291202999555258,241094175.85553512,True,-0.09820047253442553,-0.15443086424728059,True,True
2021-01-04,TOASO,True,1.0,-0.02157719439260231,0.11926621600988296,90084848.53307891,True,-0.0002924014287584431,-0.020160894585456016,True,True
2021-01-04,TRGYO,True,0.7730769489201428,-0.026954100691543165,0.007812490254382798,162822877.58276156,True,-0.03620820374937528,-0.8854510094427084,True,True
2021-01-04,TSKB,True,0.6678966387373627,-0.050318750824082326,0.576923009104255,600830296.4363217,True,,,False,False
2021-01-04,TTKOM,True,1.0,-0.024539255402453265,-0.03999778398359566,234518586.06313613,True,-0.0024000029161728165,-0.018034161193955456,True,True
2021-01-04,TTRAK,True,1.0,-0.025533448520975457,0.7012196248682132,61620857.707520194,True,0.046945523948976,0.04803658501686538,True,True
2021-01-04,TUPRS,True,0.8727128240886715,-0.0211299101593891,0.06163578485025112,725842095.0178094,True,-0.02854487483033164,-0.07577915211237346,True,True
2021-01-04,TURSG,True,1.0,-0.024863814995648822,0.37499746548495616,277079471.0447134,True,,,False,False
2021-01-04,ULKER,True,0.8585931061317319,-0.01999445287183156,-0.10509299982153408,68814015.63861057,True,0.013208203068570401,0.023799433666663705,True,True
2021-01-04,VAKBN,True,0.6885007420474736,-0.02478088986537309,-0.09161798373176655,552858640.8472091,True,,,False,False
2021-01-04,VERUS,True,0.9483871853598087,-0.023468883591778067,0.563994237987568,14481916.594201285,True,0.10933082211870815,0.8158000387376887,True,True
2021-01-04,VESTL,True,0.9705339989231968,-0.019221199706418293,0.2422208951447733,109754783.50042664,True,0.036368675961611724,-0.037536697291543686,True,True
2021-01-04,YATAS,True,1.0,-0.0259556302377291,0.39215685555257607,55757400.3231807,True,-0.022496311051118045,0.009393852874211933,True,True
2021-01-04,YKBNK,True,0.9840255626010649,-0.03128886602540391,0.2500001662738873,757339554.94978,True,,,False,False
2021-01-04,ZOREN,True,0.9575161215440319,-0.024977810545544103,0.2217191925409232,351299139.3631366,True,-0.02621605560460946,-0.01618527539520978,True,True
2021-02-01,AEFES,True,0.8808179409253353,-0.023361255251663184,0.2375868060808799,68884862.95686828,True,0.00879930213820096,0.016110325002781048,True,True
2021-02-01,AGHOL,True,0.9323608020868451,-0.027964316136965445,0.5111622286486879,40665523.16537015,True,-0.0019983666355826712,-0.0005181415023048364,True,True
2021-02-01,AKBNK,True,0.7494224864387014,-0.02680365882665126,0.39641427623909564,829833464.2504337,True,,,False,False
2021-02-01,AKCNS,True,0.9387450246437923,-0.03267872064638638,0.445510085687556,48299569.99589016,True,0.015592655023142915,0.011103544646443614,True,True
2021-02-01,AKGRT,True,0.962189411347344,-0.020776741413856183,0.2928172600670407,28434213.061820332,True,,,False,False
2021-02-01,AKSA,True,0.9820837199927145,-0.023813968594084252,0.9929673122629461,53049271.69852006,True,0.03541001805025648,0.061783544582241626,True,True
2021-02-01,AKSEN,True,0.9704479557526436,-0.027436750864793698,0.556485202737375,128326415.61798494,True,-0.05292920758734415,-0.04972362464624436,True,True
2021-02-01,AKSGY,True,0.7450979477453697,-0.022455152273098678,0.16501741997991592,46210938.1448588,True,,,False,False
2021-02-01,ALARK,True,0.9385634174499464,-0.02960654257556323,0.7092974724759455,167600924.6678245,True,0.13636092634956093,0.3924700516349178,True,True
2021-02-01,ALBRK,True,0.9859156043435268,-0.02171077960390459,0.29999945969293407,240677701.07657936,True,,,False,False
2021-02-01,ALCTL,True,0.8105676972567203,-0.030524338921660555,0.5623356341582959,69635255.47827272,True,,,False,False
2021-02-01,ALGYO,True,0.9309096133932206,-0.03037245900793583,0.7714701444292067,121663154.82656847,True,-0.015447286497490387,18.740178436107666,True,True
2021-02-01,ALKIM,True,0.8815279692161373,-0.02654265017937362,0.16406250786854248,124629943.32915863,True,0.04948112052935427,0.11829715936386387,True,True
2021-02-01,ARCLK,True,0.9308807432923584,-0.02153341721206102,0.36827970722160375,288474617.0387929,True,0.01799380458985622,0.03563680454324129,True,True
2021-02-01,ASELS,True,0.9000557230551102,-0.013626877673670648,0.08924662581450349,640908355.1622028,True,0.029162251407670897,0.22333469648533275,False,False
2021-02-01,AYGAZ,True,0.9541780190112203,-0.02963779398252484,0.12759412812863657,40210870.160874754,True,0.02789388106586263,0.0199371128451746,True,True
2021-02-01,BAGFS,True,0.8366605947322934,-0.04116871487760668,0.21871205158075124,111058585.89428233,True,-0.033166908109054344,-0.14517426943690281,True,True
2021-02-01,BERA,True,1.0,-0.04955914472047807,1.8324022898858576,50533965.96390372,True,0.053695419017978474,0.06370862183391848,True,True
2021-02-01,BIMAS,True,0.9352519400005266,-0.012126540706482421,0.21710087318368299,232986475.45063552,True,0.0050908407137642275,0.00973993617751523,True,True
2021-02-01,BIZIM,True,0.7224476342546511,-0.02153012709790243,-0.005471655720849511,57981813.84711499,True,,,False,False
2021-02-01,BRISA,True,0.8977777338830623,-0.03257771216168545,0.8814676568319093,64955727.757254146,True,0.032011338562247166,-0.008837601809392984,True,True
2021-02-01,BRSAN,True,0.8635382652798782,-0.04836007823639543,1.200315374372816,141356335.4764704,True,-0.042859204578462706,-0.05899256055295311,True,True
2021-02-01,BUCIM,True,0.943199955905452,-0.039290856529596845,1.0774522648637204,57134254.45353942,True,-0.018087464016350696,0.07011971378768889,True,True
2021-02-01,CCOLA,True,0.9161528402528886,-0.027707505416354753,0.6107300216979465,61390540.22885647,True,0.017885223852103116,0.033395562609781965,True,True
2021-02-01,CEMTS,True,0.9623808519046337,-0.028996392400526424,0.48555422287603633,114747276.35743324,True,-0.0194543929478162,0.04046271923839449,True,True
2021-02-01,CIMSA,True,0.9838318223090018,-0.03344955695255209,0.7134619774161102,67662327.07878171,True,0.026984253749347348,0.07605307439763423,True,True
2021-02-01,DEVA,True,0.9785320338939308,-0.02823997365646563,0.11634335834043608,96678449.35244249,True,0.005464703953765415,0.10014828226898426,True,True
2021-02-01,DOAS,True,0.9349863791623697,-0.04576239249370371,0.7975001223315079,107410470.08118439,True,-0.010288770490519558,0.042421141012897,True,True
2021-02-01,DOHOL,True,0.9653465399082443,-0.03195957068537238,0.5024391130393446,722535026.1130811,True,0.025448807504431598,0.09696213728284928,True,True
2021-02-01,ECILC,True,0.9914109873831498,-0.02625690016171214,0.2032259610504039,313198937.2891637,True,0.0038338751811385907,0.28209529432733776,True,True
2021-02-01,EGEEN,True,0.9101868141148707,-0.04514223149223185,1.5811104341447577,175454192.67890278,True,-0.15058566394772005,-0.12580140312189844,True,True
2021-02-01,EGGUB,True,0.9152400114995729,-0.040604445509127146,0.5441550073195767,90610888.04725647,True,-0.009307529306926937,-0.08124112277468498,True,True
2021-02-01,EKGYO,True,0.9384615756432501,-0.028174215439464793,0.01428581092956871,926640530.6805328,True,0.1337804278964849,0.08311070264914419,True,True
2021-02-01,ENJSA,True,0.9062500318054568,-0.021680891675345707,0.46620062785783967,74706678.13295999,True,-0.061041281771935296,0.0058905743764132434,True,True
2021-02-01,ENKAI,True,0.8758388853560835,-0.02009142116098912,0.16169575901653066,49095152.75985929,True,0.015251077635212135,0.009466819896669282,True,True
2021-02-01,EREGL,True,0.8977416459104293,-0.030184370007731946,0.8748434117388288,490352134.39999807,True,-0.08597966972725574,-0.06628032469267905,True,True
2021-02-01,FROTO,True,0.9360946135857746,-0.037983421818195216,0.5873016618681675,154394854.02593735,True,0.01251710596736716,0.03746562478865257,True,True
2021-02-01,GARAN,True,0.7645160542503225,-0.028347563175816028,0.5419736104126751,2485881937.6253095,True,,,False,False
2021-02-01,GOODY,True,0.9214604716515281,-0.02556293438399015,0.6626750272907833,75557152.01856114,True,,,False,False
2021-02-01,GOZDE,True,0.7953488196728365,-0.031007173722502675,0.5762375717828743,121227723.32218276,True,-0.39674036546473734,-20.522884287011394,True,True
2021-02-01,GSDHO,True,0.9622642361972517,-0.027992800868166787,0.016194318432205757,225958069.64680552,True,-0.37077768323346927,-0.2819580678009428,True,True
2021-02-01,GUBRF,True,0.8026697655380388,-0.051766447051609044,2.0164566924664067,751059334.8161767,True,-0.022590328320191866,-0.09094472568158207,True,True
2021-02-01,HALKB,True,0.715249703086816,-0.018221078872920335,0.04887213226601883,460436945.0896009,True,,,False,False
2021-02-01,HEKTS,True,0.9504598054887525,-0.03481446873491112,0.30544254098038914,216480713.34700775,True,-0.08237518469329719,-0.12703850179082524,True,True
2021-02-01,HLGYO,True,0.897825917436567,-0.05112037421686004,0.4023901138585184,228283380.13891786,True,0.018090603997078625,-0.006214357873189913,True,True
2021-02-01,IHLGM,True,0.8805737386861558,-0.025160061626757352,-0.058367742963735814,190359798.1711133,True,-0.018820054477681092,-0.04173696609133312,True,True
2021-02-01,INDES,True,0.9732827708817036,-0.025524213187138666,0.575185566543484,67852495.71067706,True,-0.01635211085901799,-0.010908200553280234,False,False
2021-02-01,IPEKE,True,0.8538011728520717,-0.0243933316095281,0.025862062522468587,300946146.4846086,True,0.027083588985122864,0.02396664566754314,True,True
2021-02-01,ISCTR,True,0.8190223959722873,-0.025727035223267598,0.4604168275920746,393785025.61425537,True,,,False,False
2021-02-01,ISDMR,True,0.9468355327469662,-0.027445706786038353,0.5105107145551793,54215101.108762145,True,-0.07808690001940677,-0.06662856535632569,True,True
2021-02-01,ISFIN,True,0.8366445444410632,-0.017719303504184814,0.013088992981693304,195334315.40623775,True,,,False,False
2021-02-01,ISGYO,True,0.8853046145935708,-0.030996493339726917,0.322916729663111,218093672.41052216,True,0.14763833207832994,0.35237294848201134,True,True
2021-02-01,ISMEN,True,0.9599144651334863,-0.025268105844342612,1.3249347113264816,73207308.28375189,True,7.670608022578625e-05,0.0005918631587503087,True,True
2021-02-01,KARSN,True,1.0,-0.03521471281006528,0.1612903418768652,428580528.7752229,True,0.09724683763022329,0.33481394217888016,True,True
2021-02-01,KARTN,True,0.6022075700091383,-0.05244832750623883,3.1452890109672618,301415572.3579848,True,-0.00023884965482873222,0.010711409915200726,True,True
2021-02-01,KCHOL,True,0.9036251624694911,-0.02251120674961298,0.3455694889305878,276383783.8043482,True,0.07853948262843974,-0.003946684396060843,True,True
2021-02-01,KERVT,True,0.8714285979686737,-0.028574571511933624,0.2846003909506907,131833190.77317034,True,-0.006071840592073302,-0.0494068620559379,True,True
2021-02-01,KONYA,True,0.930635838150289,-0.05275528876360337,1.6218233061374203,102478154.25377256,True,-0.016152273035785106,-0.020604927413599216,True,True
2021-02-01,KORDS,True,0.9141858200507704,-0.030894289128057126,0.37952441702231354,70063674.47157954,True,-0.018873595745048127,-0.007191831506760268,True,True
2021-02-01,KOZAA,True,0.9290248385659952,-0.027827988295515298,0.06694273860253874,361438839.0730322,True,0.024757964246985176,0.022947728031737835,True,True
2021-02-01,KOZAL,True,1.0,-0.03093410543216006,0.13200932667134957,798867894.0142651,True,0.024367300258621216,0.026740566268623978,True,True
2021-02-01,KRDMD,True,0.9115645672685561,-0.03150448651873689,1.0139373472027855,1412738302.8737454,True,,,False,False
2021-02-01,LOGO,True,0.9399319374847801,-0.02613411416794291,0.4443153760317218,49724974.63968465,True,0.019844851369129946,0.02449540445605433,False,False
2021-02-01,MAVI,True,0.8887083992557983,-0.026059210087496433,0.30369601807296,47676079.79238958,True,,,False,False
2021-02-01,MGROS,True,0.8599805616584258,-0.02279869878894768,0.0061176215182223714,172829434.9121741,True,-0.012385462897371968,-0.005792270621832109,True,True
2021-02-01,MPARK,True,0.9536806937511221,-0.028973123158199266,0.20943050167006882,116416523.71739033,True,0.05279730165222957,0.06397089665419697,True,True
2021-02-01,NETAS,True,0.8838323086569639,-0.036342502064761584,0.8912752366872503,107479759.45512496,True,-0.002100899651391791,0.006776602509588829,False,False
2021-02-01,NTHOL,True,0.9344660222266306,-0.03232711869864919,0.4784483471785679,118832907.52192552,True,-0.018356270376087114,-0.20511858186475387,True,True
2021-02-01,ODAS,True,1.0,-0.028957179861002696,0.67811167498416,818408056.3305784,True,0.11260660538375253,0.05870686268752923,True,True
2021-02-01,OTKAR,True,0.9516349822486211,-0.04773651757074116,1.004996829365823,424551984.12363386,True,-0.017274546315028505,-0.01855895045674874,True,True
2021-02-01,OYAKC,True,0.8507614489419855,-0.021112475711521674,0.091697886747653,181827919.75903216,True,,,False,False
2021-02-01,OZKGY,True,0.9245960837564304,-0.03050216116051463,0.21957040214971912,89418922.37779725,True,,,False,False
2021-02-01,PETKM,True,0.9621211594403413,-0.026615477566948313,0.6348776051098657,1243284510.3218815,True,0.010789176670332926,0.026512095936198382,True,True
2021-02-01,PGSUS,True,0.8767123009363453,-0.039521594763583946,0.5482601872040422,580151261.3161547,True,-0.2789658028642994,-0.31816334295305326,True,True
2021-02-01,PNSUT,True,0.9034721600351158,-0.030739432955824847,0.20537826270347126,63865615.187125415,True,,,False,False
2021-02-01,SAHOL,True,0.9140426081933646,-0.023341777976770013,0.4079904080956176,180785720.46148825,True,0.11183371127022179,0.12272149894267115,True,True
2021-02-01,SASA,True,0.972748973917183,-0.03219514041406523,0.6025346106062062,290926726.79533863,True,0.06770226997016372,0.09017980312079976,True,True
2021-02-01,SELEC,True,0.7334801329283737,-0.04745494987594296,0.5992985733384613,205809442.46854267,True,-0.013037253296075635,-0.016451893835059454,True,True
2021-02-01,SISE,True,0.9157373516925906,-0.019546754565670975,0.17628212346648198,1362012340.7663243,True,-0.018999353437619215,-0.0012176189203835508,True,True
2021-02-01,SKBNK,True,0.8587249859152869,-0.02531669797479782,0.2759099609155944,434501515.0869189,True,,,False,False
2021-02-01,SOKM,True,0.9339297360690824,-0.023562913842238378,0.033524240497064595,144605182.49868053,True,-0.0009952417609388753,0.01713880352577967,True,True
2021-02-01,TATGD,True,0.8702531618456026,-0.02123508779508833,0.09742639739794745,41206708.20308354,True,,,False,False
2021-02-01,TAVHL,True,0.8289391195462696,-0.029924971537793617,0.19842592647914303,273482899.16700464,True,-0.16107466523418373,-0.26548524512482957,True,True
2021-02-01,TCELL,True,0.9370263047295984,-0.017213128782737633,0.09894488305172278,621421319.3058186,True,-0.014354562884196509,0.11083552264634997,True,True
2021-02-01,THYAO,True,0.7854806738143589,-0.02709931586705794,0.19999999999999996,1645025917.076934,True,-0.0948696903374357,-0.051735199843372826,True,True
2021-02-01,TKFEN,True,0.9545454285509389,-0.021872117726618238,0.1593219783207236,346051622.7560932,True,-0.09820047253442553,-0.15443086424728059,True,True
2021-02-01,TOASO,True,0.965110190661293,-0.022054588407822363,0.3998337693346681,109337057.43074566,True,-0.0002924014287584431,-0.020160894585456016,True,True
2021-02-01,TRGYO,True,0.7461538870028063,-0.024044037413335877,-0.03694569810559423,146242185.71154487,True,-0.03620820374937528,-0.8854510094427084,True,True
2021-02-01,TSKB,True,0.6789668103028182,-0.03946542558480399,0.5752212598819195,651049499.8924541,True,,,False,False
2021-02-01,TTKOM,True,0.896629115673858,-0.02171750540683326,0.16285349151706474,246219278.14957422,True,-0.0024000029161728165,-0.018034161193955456,True,True
2021-02-01,TTRAK,True,0.9170985218677604,-0.026259468928403105,0.7512339167023647,75790741.35646383,True,0.046945523948976,0.04803658501686538,True,True
2021-02-01,TUPRS,True,0.8630433263842958,-0.020893520362991205,0.3647207550666507,716151778.8482504,True,-0.02854487483033164,-0.07577915211237346,True,True
2021-02-01,TURSG,True,1.0,-0.023529785650508728,0.16112090645786736,245957626.2781241,True,,,False,False
2021-02-01,ULKER,True,0.8317621555811407,-0.01819956252101958,-0.040562934078396395,98931966.71500987,True,0.013208203068570401,0.023799433666663705,True,True
2021-02-01,VAKBN,True,0.6474925856395641,-0.023250398228080185,0.0850574468208718,615849144.2985144,True,,,False,False
2021-02-01,VERUS,True,0.9257679799359588,-0.030200793368589416,0.6328744755678899,35792658.93439817,True,0.10933082211870815,0.8158000387376887,True,True
2021-02-01,VESTL,True,0.9801527056298067,-0.021139522237125345,0.28571441246144236,133147456.57251921,True,0.036368675961611724,-0.037536697291543686,True,True
2021-02-01,YATAS,True,0.9734513479640614,-0.023652254929782228,0.6932698077306436,56552131.3866437,True,-0.022496311051118045,0.009393852874211933,True,True
2021-02-01,YKBNK,True,0.8674698919459908,-0.02970066436266475,0.46445511540366025,826034581.5292519,True,,,False,False
2021-02-01,ZOREN,True,0.9113925242707647,-0.020755048026768592,0.21397371565023504,321737310.4276938,True,-0.02621605560460946,-0.01618527539520978,True,True
2021-03-01,AEFES,True,0.8469673949998573,-0.02245758483829888,0.30188668181937417,72000464.28312214,True,-0.007629401698866278,0.004270259230186882,True,True
2021-03-01,AGHOL,True,0.8797878218130212,-0.032811239496732696,0.6833642915035014,46574446.60425974,True,-0.0019983666355826712,-0.0005181415023048364,True,True
2021-03-01,AKBNK,True,0.8366534480618704,-0.019875235448966112,0.29411761049731044,619253627.1448013,True,,,False,False
2021-03-01,AKCNS,True,0.9161983323199739,-0.035037545338879275,0.5545301142158896,56563163.99891487,True,0.03020407205329434,0.0120133264454996,True,True
2021-03-01,AKGRT,True,0.9532339977526814,-0.01921059719034154,0.29781428894299133,25863451.144576482,True,,,False,False
2021-03-01,AKSA,True,0.9168081321626095,-0.029571911514225297,1.1758580598472888,57843104.806491986,True,0.06553377411188918,0.06498105623040659,True,True
2021-03-01,AKSEN,True,0.9248119692228348,-0.031126010868274434,0.7819820567622231,143766928.27939916,True,-0.016398109300947955,-0.030780024045084814,True,True
2021-03-01,AKSGY,True,0.6644881004685342,-0.02529624539890728,0.2649249276459449,59431442.31378796,True,,,False,False
2021-03-01,ALARK,True,0.9527826204885332,-0.031228183235900212,1.0154565055416,170457759.1101167,True,0.13636092634956093,0.3924700516349178,True,True
2021-03-01,ALBRK,True,0.8880307470762759,-0.026718979399891325,0.4353744585304893,212945198.97369665,True,,,False,False
2021-03-01,ALCTL,True,0.931926075799944,-0.032516459095051124,0.0608309107080649,82058128.01907645,True,,,False,False
2021-03-01,ALGYO,True,0.9265454288095059,-0.029455978240796182,0.7816913671399199,128042591.00728469,True,-0.023908425149481327,1.5885235052929403,True,True
2021-03-01,ALKIM,True,0.9361702580598661,-0.02903226706868447,0.48984632816976115,138461519.9711068,True,0.04869047822669914,0.08260763985047401,True,True
2021-03-01,ARCLK,True,0.9526198580554778,-0.021209741173493633,0.5911282953702688,284910053.66400075,True,0.01799380458985622,0.03563680454324129,True,True
2021-03-01,ASELS,True,0.889722295862199,-0.01284329963018891,0.0465961844369176,598081686.3302749,True,0.0268327402432732,0.08346640892234897,False,False
2021-03-01,AYGAZ,True,0.8582210364024697,-0.028802731212929887,0.6278027915990196,45939518.20585047,True,-0.003841373568802431,-0.007310103783689126,True,True
2021-03-01,BAGFS,True,0.7924984820164067,-0.03843830722127612,0.9042409255617272,114407133.30330496,True,-0.033166908109054344,-0.14517426943690281,True,True
2021-03-01,BERA,True,0.9069090892275342,-0.05147547548987092,1.2338797678425455,60431549.235382654,True,0.053695419017978474,0.06370862183391848,True,True
2021-03-01,BIMAS,True,0.8731196734042662,-0.012584525564942361,0.10147619336841696,230916176.332622,True,0.0050908407137642275,0.00973993617751523,True,True
2021-03-01,BIZIM,True,0.6990658810323243,-0.02043426792968925,-0.044841631876630705,46882507.357493415,True,,,False,False
2021-03-01,BRISA,True,0.9748061832335234,-0.03437284583807871,1.1870504299415319,65578792.596541025,True,0.047066692146755185,0.04448475392060405,True,True
2021-03-01,BRSAN,True,0.8376482721726696,-0.05225837290835361,1.576736617418915,171248084.71119896,True,-0.042859204578462706,-0.05899256055295311,True,True
2021-03-01,BUCIM,True,0.8982109334192413,-0.03611707603585059,1.1875005353574535,63844367.01209715,True,0.05325336180058081,0.07799685001377807,True,True
2021-03-01,CCOLA,True,0.8786624936439033,-0.024991200459668503,0.6573158297130188,59847042.474299654,True,0.004268254114975334,0.022559721420609552,True,True
2021-03-01,CEMTS,True,0.8893881335699674,-0.026860081882862607,0.4271163485051135,99213186.57387838,True,0.051649451469500146,0.07290684400700888,True,True
2021-03-01,CIMSA,True,0.9199681335914393,-0.0340463935794043,0.9523809082908932,71399543.29634598,True,0.051764033410284155,0.06981074612764865,True,True
2021-03-01,DEVA,True,0.9111498089398542,-0.029247963498724886,0.4701297531041373,98170610.05709258,True,0.005464703953765415,0.10014828226898426,True,True
2021-03-01,DOAS,True,0.8393040852707429,-0.03836530848304154,1.2921812727446857,93003221.67426218,True,0.001975755859359385,0.027046256136176478,True,True
2021-03-01,DOHOL,True,0.7985782997379945,-0.036321907770761934,0.8349059809112847,898092235.9429109,True,0.025448807504431598,0.09696213728284928,True,True
2021-03-01,ECILC,True,0.831638446123223,-0.02981717000378009,0.34003356668902507,321596362.132504,True,-0.029355028319661025,0.07048254637357204,True,True
2021-03-01,EGEEN,True,0.887719875770487,-0.02832872285134338,1.4475743469616127,146774175.85292658,True,-0.15058566394772005,-0.12580140312189844,True,True
2021-03-01,EGGUB,True,0.9426569107339082,-0.04203601035570748,1.2911744393073232,115752382.87899244,True,0.06652114633905878,0.061800649275076475,True,True
2021-03-01,EKGYO,True,0.8736060336610606,-0.030792725948850075,0.3615820870296045,1012759841.2922097,True,0.1337804278964849,0.08311070264914419,True,True
2021-03-01,ENJSA,True,0.8705357097420776,-0.025859549930168427,0.42753600083791454,99771804.40303677,True,-0.015540790733411247,-0.03168148322203912,True,True
2021-03-01,ENKAI,True,0.8165546185523751,-0.020707635731861438,0.2043342873045857,57061145.551937014,True,0.015251077635212135,0.009466819896669282,True,True
2021-03-01,EREGL,True,0.9473024757938885,-0.02505607320246476,0.6570440407966123,524696976.65342313,True,0.0024112326192097244,0.01448912866231497,True,True
2021-03-01,FROTO,True,0.9119316825800852,-0.041506268952836496,0.755949026927391,248678491.37818474,True,0.022697750725453936,0.03540724318944305,True,True
2021-03-01,GARAN,True,0.8591289281800016,-0.020284114100274662,0.36111110130098734,1818625432.4825242,True,,,False,False
2021-03-01,GOODY,True,0.8926175946456772,-0.028039259169496216,0.7151777871738765,70085146.74398918,True,,,False,False
2021-03-01,GOZDE,True,0.7627906571858136,-0.034124255019267295,0.2430426670184116,121115269.62753084,True,-0.39674036546473734,-20.522884287011394,True,True
2021-03-01,GSDHO,True,0.9197079441355186,-0.028051052936953886,0.1100478553746671,269010646.03268164,True,-0.37077768323346927,-0.2819580678009428,True,True
2021-03-01,GUBRF,True,0.9448636109591579,-0.04745225761522543,1.4828766474560084,890107257.3257792,True,-0.022590328320191866,-0.09094472568158207,True,True
2021-03-01,HALKB,True,0.8330780830679512,-0.018944741004636608,-0.007547162342173674,433048207.5852716,True,,,False,False
2021-03-01,HEKTS,True,0.8772231437537623,-0.04571634184046682,1.227911787718615,291445880.63638335,True,-0.08145491185183484,-0.09892753576578847,True,True
2021-03-01,HLGYO,True,0.7152173487155907,-0.04503222324629269,0.9752465577525937,220315409.66486496,True,-0.1069251821843441,-0.1627432526628952,True,True
2021-03-01,IHLGM,True,0.7627505268403411,-0.027219859737940187,0.14952551206055786,204243407.62275973,True,-0.018820054477681092,-0.04173696609133312,True,True
2021-03-01,INDES,True,1.0,-0.027274729637164173,0.395114156325576,78195995.40969534,True,-0.01635211085901799,-0.010908200553280234,False,False
2021-03-01,IPEKE,True,0.8238702247079883,-0.03115410039950526,0.08177172545681732,359819067.47034913,True,0.027083588985122864,0.02396664566754314,True,True
2021-03-01,ISCTR,True,0.7978294401127445,-0.01705529037120741,0.22554892623879463,320381783.8226609,True,,,False,False
2021-03-01,ISDMR,True,1.0,-0.023227199795518984,0.6966968231292829,51071906.94343499,True,0.016230667509021884,0.022697838383221897,True,True
2021-03-01,ISFIN,True,0.8944954073255528,-0.022722364885584278,0.0,278823342.767357,True,,,False,False
2021-03-01,ISGYO,True,0.8387096303617556,-0.032267510825264765,0.46107794818354386,222788153.75528443,True,0.14763833207832994,0.35237294848201134,True,True
2021-03-01,ISMEN,True,1.0,-0.022177747001703656,1.190594727822614,77899623.6404373,True,0.012850199801974983,0.009145051659202416,True,True
2021-03-01,KARSN,True,0.7956989458651381,-0.04512707757105111,0.7026144233893306,613204870.5286325,True,0.09724683763022329,0.33481394217888016,True,True
2021-03-01,KARTN,True,0.6148605814839107,-0.047460302929974704,2.3867541981827696,323718564.07724667,True,0.054864521211051426,0.0570517886847845,True,True
2021-03-01,KCHOL,True,0.9948141881274548,-0.01902858059572871,0.35661516822593375,230819037.2309047,True,0.10061809856819393,0.02401478239369706,True,True
2021-03-01,KERVT,True,0.7337662643275636,-0.02182023190539314,0.2514851352395111,84810879.54270735,True,-0.006071840592073302,-0.0494068620559379,True,True
2021-03-01,KONYA,True,0.7401156210485911,-0.044789841043626086,3.301409176202215,109254313.09108382,True,-0.012005372839458017,0.00779039965836252,True,True
2021-03-01,KORDS,True,0.8662549549623629,-0.040148750713677434,1.0,129234143.31488219,True,-0.015081124892854597,-0.034944714186954245,True,True
2021-03-01,KOZAA,True,0.8671875305590226,-0.030133564439830507,0.20703121711267203,459179410.70391554,True,0.024757964246985176,0.022947728031737835,True,True
2021-03-01,KOZAL,True,0.8961209831469559,-0.03485397853092999,0.521424238865982,1478921629.9514465,True,0.024367300258621216,0.026740566268623978,True,True
2021-03-01,KRDMD,True,0.9387755073464337,-0.025465608706171244,1.267796452584324,1070749419.7638046,True,,,False,False
2021-03-01,LOGO,True,0.942760982515213,-0.02887621710899586,0.49703811257950914,57686048.61552708,True,-0.004953844479690717,-0.02567530972299384,False,False
2021-03-01,MAVI,True,0.923544772085196,-0.020798708701009746,0.4441413951236981,28949955.2935326,True,,,False,False
2021-03-01,MGROS,True,0.7887050844858013,-0.02550438568203615,0.140568547324877,186849988.34007797,True,-0.012385462897371968,-0.005792270621832109,True,True
2021-03-01,MPARK,True,0.9741379374775315,-0.027229387272277545,0.4539682297479539,91881704.37002267,True,0.05279730165222957,0.06397089665419697,True,True
2021-03-01,NETAS,True,0.878186987818796,-0.04001338509864432,0.8588531955090652,134440976.92984033,True,-0.002100899651391791,0.006776602509588829,False,False
2021-03-01,NTHOL,True,1.0,-0.03562128463085204,0.7798165117547464,134957888.60866964,True,-0.018356270376087114,-0.20511858186475387,True,True
2021-03-01,ODAS,True,0.9116280459674552,-0.029000860120770508,0.47470867804201444,826900360.9440348,True,0.05546355877376974,0.05347693321133912,True,True
2021-03-01,OTKAR,True,0.8916894222512336,-0.04593701587439778,1.8344182252641494,454605083.2938909,True,0.03243037736431509,0.027776343931691455,True,True
2021-03-01,OYAKC,True,0.8010148530157435,-0.01969926946394678,0.07022123622406062,174385276.09578723,True,,,False,False
2021-03-01,OZKGY,True,0.9032259202513757,-0.03322306801550275,0.3315507824474144,102131794.06995331,True,,,False,False
2021-03-01,PETKM,True,0.9907919492673348,-0.02691054157466522,0.5189876351634419,1345606369.6543765,True,0.010789176670332926,0.026512095936198382,True,True
2021-03-01,PGSUS,True,0.9927089031272819,-0.03099234067428857,0.5605659560876599,495677098.69390994,True,-0.2789658028642994,-0.31816334295305326,True,True
2021-03-01,PNSUT,True,0.8173612771455537,-0.029826051539195896,0.4883596027043984,64094644.846551664,True,,,False,False
2021-03-01,SAHOL,True,0.9140426081933646,-0.016815180060659643,0.3414011399405019,175936843.24401614,True,0.05596872816024301,0.05315510580824501,True,True
2021-03-01,SASA,True,0.8092368025171275,-0.047673518650281375,0.6655814719943525,681959898.4199469,True,0.10178142692744808,0.11399670714406052,True,True
2021-03-01,SELEC,True,0.6492290465557128,-0.04285969559620548,0.6047678722418015,207679225.14563835,True,-0.009743435406591103,-0.014637880609799443,True,True
2021-03-01,SISE,True,0.9405205028029371,-0.018326983130046787,0.17370132195307675,1342447587.6933558,True,-0.013440298508157367,-0.005301925936265689,True,True
2021-03-01,SKBNK,True,0.8234349139917906,-0.02489172634851829,0.26941947170777825,411733102.94284636,True,,,False,False
2021-03-01,SOKM,True,0.7935306179459904,-0.02267044681573884,0.062499949002613464,137599527.17890787,True,-0.0009952417609388753,0.01713880352577967,True,True
2021-03-01,TATGD,True,0.83860756116796,-0.021821896203995512,0.05334619555439768,36084728.78016219,True,,,False,False
2021-03-01,TAVHL,True,1.0,-0.023611476125191898,0.42990042701834685,249771414.26504543,True,-0.3173447846133136,-0.4824788982807484,True,True
2021-03-01,TCELL,True,0.9399417906221057,-0.015419443998606817,0.12652311406012884,636088481.8327531,True,-0.019132626045985646,0.022874263039130094,True,True
2021-03-01,THYAO,True,1.0,-0.018500040586704177,0.15114064745000233,1355812618.0504405,True,-0.0948696903374357,-0.051735199843372826,True,True
2021-03-01,TKFEN,True,0.8668075853618561,-0.02294113319772363,0.2592590502720624,341907228.73604596,True,-0.08653169294254062,-0.10970980221766287,True,True
2021-03-01,TOASO,True,0.9440738052369255,-0.023750534077308115,0.6321009899950114,112068634.6757949,True,0.004196624898447826,-0.00014045123876045562,True,True
2021-03-01,TRGYO,True,0.6903845982947443,-0.023892274038896058,0.0828572284245701,128502824.66007747,True,-0.03620820374937528,-0.8854510094427084,True,True
2021-03-01,TSKB,True,0.6383763691980107,-0.029251388736143608,0.6454545433496084,563075785.092159,True,,,False,False
2021-03-01,TTKOM,True,0.8943819509507039,-0.017092759814545475,0.1221591650789926,202196381.9449754,True,-0.014124686634128525,-0.0002922558952815346,True,True
2021-03-01,TTRAK,True,0.9929513737497218,-0.028977130249373383,0.9245898328879802,98563620.36388664,True,0.06537158376571153,0.07405855815057939,True,True
2021-03-01,TUPRS,True,0.9412810850442084,-0.01857774244911957,0.24094898505386242,599949585.2756455,True,-0.02661596733582288,-0.03467765158416744,True,True
2021-03-01,TURSG,True,0.9554994284739727,-0.022542080920698038,0.20873748400984327,220597570.00757703,True,,,False,False
2021-03-01,ULKER,True,0.7657722826386271,-0.016177036636379115,0.007104815585894819,97644254.61653788,True,0.013208203068570401,0.023799433666663705,True,True
2021-03-01,VAKBN,True,0.7294520749274457,-0.02228440347186049,0.033412855506848915,586401955.6060205,True,,,False,False
2021-03-01,VERUS,True,0.8836888287134511,-0.037050036175671895,0.6054503114364991,75549828.00712597,True,0.11728853301175118,2.2438673603385433,True,True
2021-03-01,VESTL,True,0.9186123686577938,-0.022134726381064795,0.44114404845554733,142748014.09154123,True,0.036368675961611724,-0.037536697291543686,True,True
2021-03-01,YATAS,True,0.9266779780386369,-0.023728862072663115,0.9597667926999816,42548803.96266061,True,-0.022496311051118045,0.009393852874211933,True,True
2021-03-01,YKBNK,True,0.8403614470777073,-0.019320162411443076,0.3902437513420993,596932041.001195,True,,,False,False
2021-03-01,ZOREN,True,0.854430346489678,-0.021572221686868644,0.029411545516946802,296101038.6336496,True,0.0030390123325446383,0.02245071841897009,True,True
2021-04-01,AEFES,True,0.770098596191628,-0.025794982347550725,0.17134828518153822,68661152.3688425,True,-0.007629401698866278,0.004270259230186882,True,True
2021-04-01,AKBNK,True,0.6659339666598166,-0.02641425481396708,0.20270268991246732,606930508.1875348,True,,,False,False
2021-04-01,AKSA,True,0.9041849287723267,-0.03381003527065536,1.2982243486847196,68920369.37067032,True,0.06553377411188918,0.06498105623040659,True,True
2021-04-01,AKSEN,True,0.9741019272966317,-0.03509217436713468,0.6433990688832181,155620037.86588493,True,-0.016398109300947955,-0.030780024045084814,True,True
2021-04-01,AKSGY,True,0.5646218265371553,-0.029490682384022988,-0.16189370254214686,53932506.74406431,True,,,False,False
2021-04-01,ALARK,True,0.8588906155999286,-0.031936988215758855,1.0256868561510948,167063594.09620976,True,0.1086115343946959,0.13878313203041348,True,True
2021-04-01,ALBRK,True,0.7065638491766082,-0.031362637680023134,0.4313720663516225,148505389.65482447,True,,,False,False
2021-04-01,ALGYO,True,0.8797336880554625,-0.03203871658644056,0.42017795302174155,125113099.25393489,True,-0.023908425149481327,1.5885235052929403,True,True
2021-04-01,ALKIM,True,0.8491295027324338,-0.031142585053645647,0.38997307000682846,131330839.6074866,True,0.04869047822669914,0.08260763985047401,True,True
2021-04-01,ARCLK,True,0.9845730161225045,-0.025679618142276556,0.46835436245614925,250960136.52693808,True,0.01799380458985622,0.03563680454324129,True,True
2021-04-01,ASELS,True,0.7987866799496554,-0.018809285360438938,-0.07564436557172283,489281877.1073215,True,0.0268327402432732,0.08346640892234897,False,False
2021-04-01,BAGFS,True,0.6842105263157895,-0.041490824583584954,0.36156701029175453,114087890.45659839,True,-0.012609712411485285,-0.08990295819752228,True,True
2021-04-01,BERA,True,0.939636317113294,-0.04281267487928366,1.5338418279429762,46928133.546045184,True,0.05814212448829667,0.054143724849649785,True,True
2021-04-01,BIMAS,True,0.9241336667713236,-0.018957819639635845,-0.010049232147752885,274338977.1608504,True,0.008663785971149335,0.01544195409829377,True,True
2021-04-01,BRISA,True,0.9293356173446645,-0.03992721421774576,1.346241004393721,69104933.10715064,True,0.047066692146755185,0.04448475392060405,True,True
2021-04-01,BRSAN,True,0.7691477629291277,-0.044227869136815805,0.9207683249151253,122127937.4012459,True,-0.015544167753111432,-0.011324757073613335,True,True
2021-04-01,BUCIM,True,0.750993667079197,-0.03521471097280911,0.6737466561289567,54951145.31168472,True,0.05325336180058081,0.07799685001377807,True,True
2021-04-01,CCOLA,True,0.8694198772462095,-0.02856912669699523,0.4677203721539507,74824634.85152884,True,0.004268254114975334,0.022559721420609552,True,True
2021-04-01,CEMAS,True,0.665911001441356,-0.025472173261200333,0.11036200138663643,132049571.58718115,True,0.13649056353536687,0.16764896362853168,True,True
2021-04-01,CEMTS,True,0.8798427649674068,-0.03070234304706788,0.09980549593360388,74220995.84411676,True,0.051649451469500146,0.07290684400700888,True,True
2021-04-01,CIMSA,True,0.8137875388213966,-0.035793641481366135,0.6423843729508589,66875093.50674477,True,0.051764033410284155,0.06981074612764865,True,True
2021-04-01,DEVA,True,0.9088268899181244,-0.03637396879342731,0.6491043665541101,98398086.61917272,True,0.019092543041116627,0.09545813768238026,True,True
2021-04-01,DOAS,True,0.7523029845547506,-0.042231980498451616,1.0333537727088355,108611317.25878483,True,0.001975755859359385,0.027046256136176478,True,True
2021-04-01,DOHOL,True,0.7819906534678015,-0.03804904818074253,0.3662551585575362,752609575.3994687,True,0.038261950975202755,0.03518517874453292,True,True
2021-04-01,ECILC,True,0.7480225545973483,-0.02952357358911103,0.09523814264318009,234259071.54422134,True,-0.029355028319661025,0.07048254637357204,True,True
2021-04-01,EGEEN,True,0.9119740110050886,-0.03287067851511592,1.1447256725627741,115267527.69866459,True,-0.004830808976321599,-0.006481097141793457,True,True
2021-04-01,EGGUB,True,0.8455675514091869,-0.045373756977485885,0.7064545409960885,129825706.02379344,True,0.06652114633905878,0.061800649275076475,True,True
2021-04-01,EKGYO,True,0.7137546915807739,-0.03311879884505928,0.3728813415433676,973066289.9502329,True,-0.03369662091579151,-0.016612065566674605,True,True
2021-04-01,ENJSA,True,0.8802085379484391,-0.02956616729763465,0.28959258653773023,118385196.65579654,True,-0.015540790733411247,-0.03168148322203912,True,True
2021-04-01,EREGL,True,1.0,-0.025240992952158318,0.5946501177312147,560066271.1296488,True,0.0024112326192097244,0.01448912866231497,True,True
2021-04-01,ESEN,True,,-0.051426548339022486,,198414611.55249146,True,,,False,False
2021-04-01,FENER,True,0.6669374295929237,-0.049167605540392574,-0.07498500265621466,240510444.4296781,True,,,False,False
2021-04-01,FROTO,True,0.9177395290784538,-0.050712436520580564,1.1755413183306715,535259315.3599916,True,0.022697750725453936,0.03540724318944305,True,True
2021-04-01,GARAN,True,0.649675751679282,-0.02711795847292948,0.28172938611792553,1909154181.2008574,True,,,False,False
2021-04-01,GOODY,True,0.7651008532736321,-0.0315326673615985,0.6360431624068781,57784979.57060114,True,,,False,False
2021-04-01,GOZDE,True,0.8183807153287489,-0.043171612096714655,0.3815331262276065,162432858.70374626,True,-0.3604254542346724,17.94470139019381,True,True
2021-04-01,GSDHO,True,0.7627736983244339,-0.03093893270626144,0.13004483502322284,208067057.1355537,True,-0.3783997595895746,-0.4292356661755431,True,True
2021-04-01,GUBRF,True,0.8595473214183713,-0.0388120716987702,1.2754578127860885,693562810.7173989,True,0.04202817350470939,0.04541424356644219,True,True
2021-04-01,HALKB,True,0.6799387311736043,-0.024354042673610354,0.06274513287161154,391898755.02244985,True,,,False,False
2021-04-01,HEKTS,True,0.8772231437537623,-0.04724727346812512,1.3711999145413802,287900863.54479516,True,-0.08145491185183484,-0.09892753576578847,True,True
2021-04-01,HLGYO,True,0.7021736984295455,-0.03609491477113664,0.41101715061318833,170002713.51921675,True,-0.1069251821843441,-0.1627432526628952,True,True
2021-04-01,IHLAS,True,0.6038992464025875,-0.032912061705676315,-0.05912960778452314,112685809.08250265,True,0.01783818865530226,-0.1581775619639792,True,True
2021-04-01,IHLGM,True,0.7069394928479303,-0.0326923545785855,-0.01782762026532969,190378967.10650474,True,-0.004377650459467336,-0.2546780812436231,True,True
2021-04-01,INDES,True,0.8694115933239388,-0.03867855992567294,0.5625714974469112,164313563.9730817,True,-0.01289411359465048,-0.0004093819665206208,False,False
2021-04-01,IPEKE,True,0.7045191011680466,-0.03245684702124631,0.11047458251190778,267322678.89448753,True,-0.02766738464922258,-0.056322291643197464,True,True
2021-04-01,ISCTR,True,0.6933515736968604,-0.024476573423638178,0.0763507207939218,346514013.0863124,True,,,False,False
2021-04-01,ISFIN,True,0.7752293603065669,-0.027030120783562445,0.007731951161061623,253898302.84942263,True,,,False,False
2021-04-01,ISGYO,True,0.7204300946091095,-0.028064757513754035,0.22826084481499298,166200722.2422463,True,0.14763833207832994,0.35237294848201134,True,True
2021-04-01,ISMEN,True,0.800976555361488,-0.028152565567854865,1.2798270437388335,82465092.79785368,True,0.012850199801974983,0.009145051659202416,True,True
2021-04-01,JANTS,True,1.0,-0.05424844714349399,1.470223538664107,124210766.67146347,True,0.0341429816796347,0.06222529473971444,True,True
2021-04-01,KARSN,True,0.7186380436755497,-0.047335521044308396,0.5128205010641722,650218499.2235627,True,0.11884191897102345,0.18519686138831196,True,True
2021-04-01,KARTN,True,0.5606896342686373,-0.0344482650550274,1.7237560929257163,102843034.01776572,True,0.054864521211051426,0.0570517886847845,True,True
2021-04-01,KCHOL,True,0.8355481187438242,-0.02439396533206823,0.542281845077567,276118206.39709705,True,0.10061809856819393,0.02401478239369706,True,True
2021-04-01,KERVT,True,0.7363636645122297,-0.03172576398721243,-0.015463943287513549,82198649.76543751,True,-0.0019337656649691393,-0.0030445879392434066,True,True
2021-04-01,KONYA,True,0.6404624277456648,-0.046437811703696354,1.1596668125882683,112515486.97548905,True,-0.012005372839458017,0.00779039965836252,True,True
2021-04-01,KORDS,True,0.8662549549623629,-0.04521963018046147,1.1354520736510043,173256050.271373,True,-0.015081124892854597,-0.034944714186954245,True,True
2021-04-01,KOZAA,True,0.7011718739086064,-0.031851680960254015,0.20842577266476137,379145146.87967557,True,-0.027948391190876887,-0.058345155321352815,True,True
2021-04-01,KOZAL,True,0.7942141770616946,-0.035849686519658995,0.5634578071640184,1608712700.2736952,True,-0.02701200392746017,-0.03951350869317016,True,True
2021-04-01,KRDMD,True,0.9259259088872952,-0.031627338028009516,1.0171427895109013,998308269.7968149,True,,,False,False
2021-04-01,KRVGD,True,,-0.03889733233247516,,160492429.44250306,True,,,False,False
2021-04-01,MAVI,True,0.791525340573468,-0.028033647087092353,0.3568485707662177,42496501.22314035,True,,,False,False
2021-04-01,MGROS,True,0.7057449742823833,-0.029092134464467206,-0.0700933904317722,207809698.02132544,True,-0.010629891255252377,-0.0004405909572010938,True,True
2021-04-01,MPARK,True,0.810686990557751,-0.03373133687928841,0.4137542416735469,83467415.96889193,True,0.008245778913556046,0.046517241817023686,True,True
2021-04-01,NETAS,True,0.8220963480162439,-0.03990591951152448,0.5215723318515875,117647096.4957737,True,-0.0184017336912444,0.028791167321726895,False,False
2021-04-01,NTHOL,True,0.7239057490425327,-0.0424352647252683,1.1229506995337744,134539864.36763436,True,-0.018356270376087114,-0.20511858186475387,True,True
2021-04-01,NUHCM,True,0.9320285295570441,-0.03839486623395561,1.6717714917011208,62288633.6843206,True,0.09252819485269403,0.09047075151218917,True,True
2021-04-01,ODAS,True,0.8302325896188667,-0.031936021148389795,0.2947021147412616,656681001.4358191,True,0.05546355877376974,0.05347693321133912,True,True
2021-04-01,OTKAR,True,0.8772123235242041,-0.04516073325153817,1.5730873304455741,478226852.20244515,True,0.03243037736431509,0.027776343931691455,True,True
2021-04-01,OYAKC,True,0.7319792725608776,-0.02677072396011603,-0.0370369412321685,125183331.08488815,True,0.042592897399240826,0.053922154299605285,True,True
2021-04-01,PARSN,True,0.8804902879619122,-0.045007603440832204,0.5411448185971606,96071668.54734872,True,0.0569723411182185,0.06449935426434243,True,True
2021-04-01,PETKM,True,0.966453669254181,-0.02674526677751908,0.5843320601339659,1153097574.5208404,True,0.01799048353047286,0.01786882110140929,True,True
2021-04-01,PGSUS,True,0.8007599491349593,-0.03162087985071239,0.9198132997433188,389438310.4497422,True,-0.507874649413007,-0.47033979746464927,True,True
2021-04-01,POLHO,True,0.7230768416069823,-0.029697990919832287,0.11242482320573233,93489886.38111809,True,,,False,False
2021-04-01,SAHOL,True,0.7651065084410754,-0.02255625504648663,0.25266907498573454,203220690.59497276,True,0.05596872816024301,0.05315510580824501,True,True
2021-04-01,SASA,True,0.9497990730262384,-0.052773067669543185,1.3074252936158492,924593166.8180692,True,0.10178142692744808,0.11399670714406052,True,True
2021-04-01,SELEC,True,0.5914096679868862,-0.03008789873958288,0.3203214743334324,104286443.65669434,True,-0.009743435406591103,-0.014637880609799443,True,True
2021-04-01,SISE,True,0.9194548079922005,-0.022941628025736654,0.08238633847884747,1175015917.1533768,True,-0.013440298508157367,-0.005301925936265689,True,True
2021-04-01,SKBNK,True,0.7234465475990137,-0.026196282536819743,0.011932007670595546,366695069.90807426,True,,,False,False
2021-04-01,SOKM,True,0.8355127020354682,-0.027356839689007366,-0.03796450684192232,147437957.42478964,True,0.002791868250483359,0.019678561952003393,True,True
2021-04-01,TATGD,True,0.7762650595371389,-0.028887734061504293,-0.06770834179056961,28393752.43862343,True,,,False,False
2021-04-01,TAVHL,True,0.7793567081812546,-0.02763536404342214,0.6883118431380029,228741817.7842835,True,-0.3173447846133136,-0.4824788982807484,True,True
2021-04-01,TCELL,True,0.8909620615304948,-0.01980055761023165,0.05137301972200792,609499151.9507904,True,-0.019132626045985646,0.022874263039130094,True,True
2021-04-01,THYAO,True,0.8655126138836663,-0.024885686133192367,0.3970037083441995,1315775717.724676,True,-0.11634920880985347,-0.09687476592689254,True,True
2021-04-01,TKFEN,True,0.8012684398205077,-0.02630252994878486,0.16535809294574189,280063723.21959364,True,-0.08653169294254062,-0.10970980221766287,True,True
2021-04-01,TKNSA,True,0.6629594240240866,-0.04218570683999991,0.9776674259864062,192965973.33932993,True,-0.006734199913070865,0.04527232792650533,True,True
2021-04-01,TOASO,True,0.9440262514230113,-0.030760832833857072,0.49605063484580625,129477475.14291552,True,0.004196624898447826,-0.00014045123876045562,True,True
2021-04-01,TRGYO,True,0.6230769705951011,-0.027299433049633476,-0.035040362481951415,93288860.54499428,True,-0.0776892901722086,-0.41193329466523076,True,True
2021-04-01,TSKB,True,0.5227575847886092,-0.027764159097003496,0.517857012909517,444760061.6404709,True,,,False,False
2021-04-01,TTKOM,True,0.7823766866315887,-0.02065918095252008,0.08606556856004466,169425104.1186918,True,-0.014124686634128525,-0.0002922558952815346,True,True
2021-04-01,TTRAK,True,0.9129701269116572,-0.03318609604171024,1.1587609341948744,120741164.52748205,True,0.06537158376571153,0.07405855815057939,True,True
2021-04-01,TUKAS,True,0.4573064083659404,-0.022315005981590485,-0.11156156286534236,45147224.87499689,True,0.012274378975847045,0.012983368940447826,True,True
2021-04-01,TUPRS,True,0.8216192364437014,-0.021402458166911068,0.3233270737338356,501679702.0327469,True,-0.02661596733582288,-0.03467765158416744,True,True
2021-04-01,TURSG,True,0.8507868674597358,-0.026649013285649246,0.17656944135481356,147562506.3289058,True,,,False,False
2021-04-01,ULKER,True,0.7831763296162335,-0.022797854023924934,-0.0756159029869573,105762157.60826002,True,0.007047985612807228,0.010933947912686065,True,True
2021-04-01,VAKBN,True,0.6728624179472285,-0.02715774250476108,0.024213051298209276,535370648.56245714,True,,,False,False
2021-04-01,VERUS,True,0.805230610998212,-0.04371500508728526,0.5454545366775982,93704830.03809187,True,0.11728853301175118,2.2438673603385433,True,True
2021-04-01,VESTL,True,0.977964325056784,-0.03301847811352623,0.6809743738092151,253869190.3016771,True,0.03024128983251409,0.01609177415577434,True,True
2021-04-01,YATAS,True,0.8635083343101851,-0.026697905411762576,0.9092204279340446,37890291.52024162,True,-0.023120205338153732,0.014454367723229167,True,True
2021-04-01,YKBNK,True,0.6964491480484253,-0.026374697782591217,0.27699532843857644,511592296.36573255,True,,,False,False
2021-04-01,ZOREN,True,0.7436706435578464,-0.02583704043165958,0.038313920780458144,248966947.77594772,True,0.0030390123325446383,0.02245071841897009,True,True
2021-05-03,AEFES,True,0.8554301093408148,-0.022468601297559475,0.044976111333799196,55090760.28090651,True,-0.007629401698866278,0.004270259230186882,True,True
2021-05-03,AKBNK,True,0.679552249434869,-0.025139933768301835,0.0008947401158863055,490273137.3962583,True,,,False,False
2021-05-03,AKSA,True,0.9543546006983272,-0.03353210735642507,0.943196547559805,68231224.98877747,True,0.06553377411188918,0.06498105623040659,True,True
2021-05-03,AKSEN,True,0.9128696786194903,-0.029666894484644143,0.7223041992805199,127943037.66079935,True,-0.016398109300947955,-0.030780024045084814,True,True
2021-05-03,AKSGY,True,0.5508502573375991,-0.030274349345280612,-0.3632396360293234,41013485.399194546,True,,,False,False
2021-05-03,ALARK,True,0.811582398408647,-0.027595866418491682,0.7066448018408191,107513122.47656113,True,0.1086115343946959,0.13878313203041348,True,True
2021-05-03,ALBRK,True,0.6216217990586039,-0.032000565477240256,0.10909121378532816,92820236.21970135,True,,,False,False
2021-05-03,ALGYO,True,0.8059797137534002,-0.032578214710454634,0.5503501101749599,97078682.0707186,True,-0.01621117537282113,2.015376876142481,True,True
2021-05-03,ALKIM,True,0.8603151516085367,-0.02690507775099512,0.2656653648428391,87137013.908922,True,0.04869047822669914,0.08260763985047401,True,True
2021-05-03,ARCLK,True,0.9839998911525846,-0.025495106869476473,0.355261692050705,193449628.5605133,True,0.024895117453235027,0.03997349351835233,True,True
2021-05-03,ASELS,True,0.7807028558794051,-0.020636961173262466,-0.10699962063502866,367609210.7476118,True,0.018037687123613366,0.06134133488506166,False,False
2021-05-03,BAGFS,True,0.7005443697175102,-0.03359612466319533,0.3266862708556071,60841656.89972449,True,-0.012609712411485285,-0.08990295819752228,True,True
2021-05-03,BERA,True,0.9682344941586793,-0.046606788376556366,1.6749484470589668,51303041.152377024,True,0.05814212448829667,0.054143724849649785,True,True
2021-05-03,BIMAS,True,0.8600393484852474,-0.018610082236083427,0.051980001389837716,264965226.81901973,True,0.008663785971149335,0.01544195409829377,True,True
2021-05-03,BRISA,True,0.846846186258004,-0.03747844553417413,0.8198755172755807,53390719.04502308,True,0.05358791462189538,0.05450905404185673,True,True
2021-05-03,BRSAN,True,0.6871628447681656,-0.039515378151526614,1.0084507634398068,83378678.99013607,True,-0.015544167753111432,-0.011324757073613335,True,True
2021-05-03,BUCIM,True,0.6969518197648911,-0.033841695031779216,0.4769543255406916,39723482.812932394,True,0.05325336180058081,0.07799685001377807,True,True
2021-05-03,CCOLA,True,0.9858765296727976,-0.025119819089292866,0.42507763178614777,67924074.86896092,True,0.004268254114975334,0.022559721420609552,True,True
2021-05-03,CEMAS,True,0.6017862418241621,-0.031228627800896927,-0.1804174069391622,99387487.61784492,True,0.13649056353536687,0.16764896362853168,True,True
2021-05-03,CEMTS,True,0.8444694870734745,-0.029544473078652184,0.1391043313000524,50903124.58897963,True,0.08367578813006533,0.1008989171881107,True,True
2021-05-03,CIMSA,True,0.9057052458558618,-0.029727031668891193,0.5248701579434114,43575544.73679029,True,0.051764033410284155,0.06981074612764865,True,True
2021-05-03,DEVA,True,0.9031694544805344,-0.03448079748004123,0.3085281804178681,75072934.24443665,True,0.019092543041116627,0.09545813768238026,True,True
2021-05-03,DOAS,True,0.7273106229469327,-0.03823751762685484,0.5030674885759214,77396099.97804657,True,0.001975755859359385,0.027046256136176478,True,True
2021-05-03,DOHOL,True,0.7182249375376745,-0.030363498631669063,0.3360324141440776,432669488.2924189,True,0.038261950975202755,0.03518517874453292,True,True
2021-05-03,ECILC,True,0.7525864885708579,-0.02328388450202729,-0.06232305220622225,147549504.79285583,True,-0.05106500383890289,0.07692314297528757,True,True
2021-05-03,EGEEN,True,0.8266381101745922,-0.03537395036308959,0.39412093211010335,71767126.18388633,True,-0.004830808976321599,-0.006481097141793457,True,True
2021-05-03,EGGUB,True,0.8612853479659378,-0.04099224032575655,0.7264882622535587,105376756.23667823,True,0.06652114633905878,0.061800649275076475,True,True
2021-05-03,EKGYO,True,0.6877323954318946,-0.03156106006062776,0.09714294947491608,693895722.3150858,True,-0.03369662091579151,-0.016612065566674605,True,True
2021-05-03,ENJSA,True,0.8435855975934923,-0.02909045544758048,0.23615489392320654,105446308.71649596,True,-0.015540790733411247,-0.03168148322203912,True,True
2021-05-03,EREGL,True,0.9748071027716702,-0.025608618162562827,0.678417179654141,768464679.6344821,True,0.08135448806903742,0.09117574901606837,True,True
2021-05-03,ESEN,True,,-0.04544037402728117,1.1056559457065909,161903114.7261029,True,,,False,False
2021-05-03,FENER,True,0.567424849343092,-0.05217011729081999,-0.03581917708493754,189064055.2781426,True,,,False,False
2021-05-03,FROTO,True,0.7827115095081614,-0.04523204089988728,0.8664235156305686,554559969.3564985,True,0.022056213290296695,0.03526486458429075,True,True
2021-05-03,GARAN,True,0.6977820167861598,-0.027016673610712534,0.011544116544937477,1807510023.564741,True,,,False,False
2021-05-03,GOODY,True,0.7564717846162861,-0.03360894360280819,0.22958510872012128,38138685.78053585,True,,,False,False
2021-05-03,GOZDE,True,0.7833697569434843,-0.04374402036632876,0.1798107001654039,165239882.26165032,True,-0.5921772822775458,-6.27582231823859,True,True
2021-05-03,GSDHO,True,0.6532845879902415,-0.029613244757429647,-0.041284401270154425,136589927.55883822,True,-0.3783997595895746,-0.4292356661755431,True,True
2021-05-03,GUBRF,True,0.7173534317175401,-0.034917315931351306,1.106086557824833,508442974.17322654,True,0.04202817350470939,0.04541424356644219,True,True
2021-05-03,HALKB,True,0.6630933820189168,-0.024848244717444238,-0.10121457372640807,360043981.4385985,True,,,False,False
2021-05-03,HEKTS,True,1.0,-0.0699985903670103,1.472111126391535,204482495.43880314,True,-0.0585818969252731,-0.088444559990743,True,True
2021-05-03,HLGYO,True,0.718496392406595,-0.03278973550899849,0.27165298539728533,91739768.67977248,True,-0.1069251821843441,-0.1627432526628952,True,True
2021-05-03,IHLAS,True,0.5006006935896242,-0.034601932396245,-0.25051746788419205,93263178.97568679,True,0.01783818865530226,-0.1581775619639792,True,True
2021-05-03,IHLGM,True,0.6449272410701791,-0.02961118794600888,-0.08800001144409175,109400433.52504836,True,-0.004377650459467336,-0.2546780812436231,True,True
2021-05-03,INDES,True,0.8988235799923069,-0.04026562135500502,0.7584775632278757,182062375.62175623,True,-0.01289411359465048,-0.0004093819665206208,False,False
2021-05-03,IPEKE,True,0.7439165690798899,-0.033903123175042384,0.08960573599218202,218200053.5239013,True,-0.03639446754535469,-0.0689935704436766,True,True
2021-05-03,ISCTR,True,0.6977358004636441,-0.023703917922898422,-0.062385068660359644,304191335.5467014,True,,,False,False
2021-05-03,ISFIN,True,0.7660550027270491,-0.027187443433709907,-0.08152172469405483,193757571.95288303,True,,,False,False
2021-05-03,ISGYO,True,0.6738351103772943,-0.028904810474513678,0.04145079487729264,101231684.39902173,True,0.14673010928529984,0.3680742362408494,True,True
2021-05-03,ISMEN,True,0.7896254733395873,-0.03246346076695667,0.6064240089706556,75820348.75935243,True,0.01694151429776401,0.012481748938749622,True,True
2021-05-03,JANTS,True,0.8079008602111987,-0.053756205107387704,3.147269000466018,147753554.15538856,True,0.03764829823234245,0.06372738490993649,True,True
2021-05-03,KARSN,True,0.6218638129130238,-0.03894472398501026,0.37800691086135885,409701817.4987172,True,0.11884191897102345,0.18519686138831196,True,True
2021-05-03,KARTN,True,0.446953829406192,-0.038801090282363095,-0.09540088381473688,72910494.22915643,True,0.054864521211051426,0.0570517886847845,True,True
2021-05-03,KCHOL,True,0.8092126839494063,-0.025398490303937003,0.344919547527595,288140646.84246594,True,0.10061809856819393,0.02401478239369706,True,True
2021-05-03,KERVT,True,0.702597400184666,-0.033449929758822654,-0.0985691397963746,73764539.15585758,True,-0.0019337656649691393,-0.0030445879392434066,True,True
2021-05-03,KONYA,True,0.5520231213872833,-0.04089325803216694,0.4846576686630879,59207910.78000023,True,-0.012005372839458017,0.00779039965836252,True,True
2021-05-03,KORDS,True,0.800411206092505,-0.04261778104939757,1.1352512877741425,145357130.4701659,True,-0.015081124892854597,-0.034944714186954245,True,True
2021-05-03,KOZAA,True,0.6845703501530815,-0.03165465807658582,0.16181230222927545,305444108.51161814,True,-0.03650537961471889,-0.07028340971725949,True,True
2021-05-03,KOZAL,True,0.7613412375926542,-0.031706884279912965,0.5556983590288262,1302210415.2739005,True,-0.03859211546485575,-0.053785848566155314,True,True
2021-05-03,KRDMD,True,0.943805809791398,-0.027065283304796676,1.1260995326050338,840144676.6729966,True,,,False,False
2021-05-03,KRVGD,True,,-0.03716255200547078,,142924232.5442201,True,,,False,False
2021-05-03,MAVI,True,0.7464405846559601,-0.027470693001043187,0.22123440644076697,39354287.87444584,True,,,False,False
2021-05-03,MGROS,True,0.7201558553171343,-0.02641311457595914,-0.07124550961632292,165803786.47630697,True,-0.010629891255252377,-0.0004405909572010938,True,True
2021-05-03,MPARK,True,0.9312976682445244,-0.031093721307493882,0.16129025193686086,59263471.535817556,True,0.008245778913556046,0.046517241817023686,True,True
2021-05-03,NETAS,True,0.7138810568721665,-0.03479208668281549,0.3701605306715705,82629481.3128003,True,-0.0184017336912444,0.028791167321726895,False,False
2021-05-03,NTHOL,True,0.9747474589356112,-0.043619355261548955,0.335403774077222,117338931.088272,True,-0.26683430635555,-0.5333641293492963,True,True
2021-05-03,NUHCM,True,0.895524190585357,-0.0363524919445791,0.922308789608141,49643267.627424754,True,0.09252819485269403,0.09047075151218917,True,True
2021-05-03,ODAS,True,0.5953487106039022,-0.039850035372696595,0.07855009976664262,499774779.05096775,True,0.05546355877376974,0.05347693321133912,True,True
2021-05-03,OTKAR,True,0.8280295304646108,-0.036315543568922255,0.9423043800111406,300960597.8790589,True,0.00697974320691136,0.03766137070592729,True,True
2021-05-03,OYAKC,True,0.7258881757132787,-0.02615960045425301,-0.03221509124830557,77862407.61115253,True,0.042592897399240826,0.053922154299605285,True,True
2021-05-03,PARSN,True,0.7737487067192347,-0.039294490582293666,0.7361529950942918,76321005.1335635,True,0.0569723411182185,0.06449935426434243,True,True
2021-05-03,PETKM,True,1.0,-0.026282402954240152,0.7082356546264028,1088082248.4326584,True,0.01799048353047286,0.01786882110140929,True,True
2021-05-03,PGSUS,True,0.8664494082024787,-0.03402493248803507,0.6425389948069904,350285410.4149959,True,-0.507874649413007,-0.47033979746464927,True,True
2021-05-03,POLHO,True,0.703902356731234,-0.02860405190275687,-0.12266692078436925,49488902.278909765,True,,,False,False
2021-05-03,SAHOL,True,0.7297705312797671,-0.023012769890016542,0.01812004325847094,204917661.70375913,True,0.05596872816024301,0.05315510580824501,True,True
2021-05-03,SASA,True,0.9895577319417612,-0.051861581177870604,2.0320583376685013,1002549078.3603753,True,0.09267677364214652,0.09917169840242779,True,True
2021-05-03,SELEC,True,0.5691150190274947,-0.03191211123837153,0.11758597974310869,74385001.94308698,True,-0.009743435406591103,-0.014637880609799443,True,True
2021-05-03,SISE,True,0.9578686758462953,-0.02010409863428958,0.15038773316330833,863761061.7951391,True,-0.007873883881435728,-0.00018706695947015572,True,True
2021-05-03,SKBNK,True,0.65874803362771,-0.025985471911461215,-0.13186409206582672,217091111.49287614,True,,,False,False
2021-05-03,SOKM,True,0.8472126811084827,-0.026778065751724197,0.01251050801819753,141800317.82920128,True,0.002791868250483359,0.019678561952003393,True,True
2021-05-03,TATGD,True,0.7794761510675793,-0.031933337836300375,-0.04645379597207999,22831245.543532282,True,,,False,False
2021-05-03,TAVHL,True,0.8676140538176264,-0.0292552766730498,0.42642025511621995,204223099.51659846,True,-0.3373667326063997,-0.5722876788231811,True,True
2021-05-03,TCELL,True,0.8895102508451438,-0.020144168200385094,0.024047766380302482,457631687.6636762,True,-0.025441097248307787,0.00381160322856261,True,True
2021-05-03,THYAO,True,0.8601864464097376,-0.026606019146777377,0.32788562963352974,1140298326.375906,True,-0.11634920880985347,-0.09687476592689254,True,True
2021-05-03,TKFEN,True,0.8604651003196463,-0.0232284023267255,0.10329414662486514,146849741.28321233,True,-0.01568473373478954,-0.02800946511217065,True,True
2021-05-03,TKNSA,True,0.5152367311910503,-0.041359148565166814,0.5509049685506253,137686399.63668996,True,-0.004305932739593982,0.041869025438246665,True,True
2021-05-03,TOASO,True,0.8300242659900386,-0.0295546786709277,0.3357185956327793,109746041.69436704,True,0.006963228180306341,0.009393658856110695,True,True
2021-05-03,TRGYO,True,0.69807698685132,-0.03303234002388157,-0.0847457343806216,82328027.16794467,True,-0.0776892901722086,-0.41193329466523076,True,True
2021-05-03,TSKB,True,0.47762746874341816,-0.0258353951856953,-0.31561681307869827,280927422.58129543,True,,,False,False
2021-05-03,TTKOM,True,0.7569899011234451,-0.02205908827070595,0.03310873084636712,138951757.96861753,True,-0.014124686634128525,-0.0002922558952815346,True,True
2021-05-03,TTRAK,True,0.9073237369820811,-0.03565394386179225,0.7819156701218728,119069101.55652897,True,0.051336785831116366,0.0715724493347488,True,True
2021-05-03,TUKAS,True,0.41776510287067536,-0.024914909437522795,-0.21301782923812218,32307514.597771704,True,0.012274378975847045,0.012983368940447826,True,True
2021-05-03,TUPRS,True,0.8082739048473833,-0.020778413056529294,0.18931102087027374,420711331.3786154,True,-0.02661596733582288,-0.03467765158416744,True,True
2021-05-03,TURSG,True,0.7690544483574933,-0.02658133369839971,0.179675594071957,80980885.41782588,True,,,False,False
2021-05-03,ULKER,True,0.8071066192489045,-0.02162656190480118,0.023696748074576002,75746143.33302155,True,0.007047985612807228,0.010933947912686065,True,True
2021-05-03,VAKBN,True,0.6431226699902275,-0.026401706850988388,-0.09500002861022949,429590032.406548,True,,,False,False
2021-05-03,VERUS,True,0.7763248770564444,-0.03946882063060353,0.42128285990107694,84262043.11119103,True,0.11728853301175118,2.2438673603385433,True,True
2021-05-03,VESTL,True,0.7618048894022624,-0.036811255932741406,1.0955591278724084,271758389.88790286,True,0.007768869791364763,0.0004657908656817422,True,True
2021-05-03,YATAS,True,0.9576988676050201,-0.027571533358717433,0.7255081298410906,32471852.177118924,True,-0.023120205338153732,0.014454367723229167,True,True
2021-05-03,YKBNK,True,0.6562098326114002,-0.026120528025534304,-0.007634638713002628,443641031.0378405,True,,,False,False
2021-05-03,ZOREN,True,0.6424050350009598,-0.023822355949034788,-0.08560312622663635,121586052.9115139,True,0.0030390123325446383,0.02245071841897009,True,True
2021-06-01,AEFES,True,0.8769879758842902,-0.020513008155782136,0.09644192949743569,44496466.66377855,True,-0.0029549348651355944,0.030106080165094737,True,True
2021-06-01,AKBNK,True,0.7231307950085355,-0.024506030801924168,-0.18199590019390266,438773809.0675679,True,,,False,False
2021-06-01,AKSA,True,0.9497018596608975,-0.031464768102909726,0.5364588993909658,57793417.45814148,True,0.03663493846143512,0.03858782919816334,True,True
2021-06-01,AKSEN,True,0.9831130922946598,-0.028445612060540488,0.6422414514338024,110866808.07000506,True,0.004502377562639381,-0.008193820529900586,True,True
2021-06-01,AKSGY,True,0.5343247559788159,-0.030084831634157098,-0.3391669432259744,20373642.881302077,True,,,False,False
2021-06-01,ALARK,True,0.8228702470483381,-0.02708884468495377,0.5236593242173735,93468590.58042534,True,0.05575153941460431,0.15212314177502306,True,True
2021-06-01,ALBRK,True,0.6216217990586039,-0.025831135924832247,-0.07602292932615018,38531380.064626046,True,,,False,False
2021-06-01,ALGYO,True,0.7630648811365693,-0.03317938921594296,0.15216355539085602,78313773.74738419,True,-0.01621117537282113,2.015376876142481,True,True
2021-06-01,ALKIM,True,0.7939451773702237,-0.02491169433027461,0.31865825018018357,65503722.76010469,True,0.045738053190989336,0.07124063645017353,True,True
2021-06-01,ARCLK,True,0.9125713691402126,-0.024889792887924218,0.33409598091529413,177889071.66261166,True,0.024895117453235027,0.03997349351835233,True,True
2021-06-01,ASELS,True,0.7776027774934309,-0.02077493513614915,-0.1476927061860629,301125251.72738206,True,0.018037687123613366,0.06134133488506166,False,False
2021-06-01,BAGFS,True,0.7096188440726929,-0.036229839615302226,0.15859943742159133,43421306.32168337,True,-0.012609712411485285,-0.08990295819752228,True,True
2021-06-01,BERA,True,0.7556505254693254,-0.04481526994988153,1.2248062368649166,42351172.16862969,True,0.02629491815807858,0.02949212333694154,True,True
2021-06-01,BIMAS,True,0.8641278762008142,-0.020454831905171004,-0.030370278640713733,275237553.6499738,True,0.011108691478225602,0.014775677127711238,True,True
2021-06-01,BRISA,True,0.7430693051194822,-0.0315354646468519,0.3266715511730285,36117668.21687971,True,0.05358791462189538,0.05450905404185673,True,True
2021-06-01,BRSAN,True,0.7605177823729721,-0.037119429816864107,0.4677319292496769,51456083.57394007,True,-0.015544167753111432,-0.011324757073613335,True,True
2021-06-01,BUCIM,True,0.7304949911281328,-0.029969830343822505,-0.014047583225047733,19311821.292883743,True,0.08133756120516171,0.1281365819376711,True,True
2021-06-01,CCOLA,True,0.9343190853010936,-0.023807632328087712,0.32918899118402045,59110288.526577175,True,0.007951196139369843,0.03577604498255621,True,True
2021-06-01,CEMAS,True,0.6264495882915228,-0.03406959596903863,-0.3686178104751515,70657421.55975753,True,0.10404723718461302,0.14134030570410264,True,True
2021-06-01,CEMTS,True,0.8126289106034907,-0.02885482948837421,-0.009833915424386164,37995047.42288925,True,0.08367578813006533,0.1008989171881107,True,True
2021-06-01,CIMSA,True,0.935023748537036,-0.030323136111853895,0.4211233870309119,35909413.40506827,True,0.06422769258439387,0.10393287386825023,True,True
2021-06-01,DEVA,True,0.7528354350942451,-0.0315631061850304,0.1930529496107063,49623792.35101918,True,0.015428471878487171,0.08091790157085316,True,True
2021-06-01,DOAS,True,0.6987778891772789,-0.032115707388573896,0.051148430682075086,60302990.96538919,True,0.0012670894856176562,0.02347756272991322,True,True
2021-06-01,DOHOL,True,0.7157984669634491,-0.026909329584079825,0.22960353786399268,304405577.54494774,True,0.03833311412105707,0.027886888796025716,True,True
2021-06-01,ECILC,True,0.7443934925956389,-0.021404216324450345,-0.0898558939334565,70140001.27800058,True,-0.05106500383890289,0.07692314297528757,True,True
2021-06-01,EGEEN,True,0.710658622199067,-0.03483465888020067,-0.047808947203501706,58525888.07325187,True,0.03391187024069564,0.04593769199229447,True,True
2021-06-01,EGGUB,True,0.7940171225696756,-0.036621104612424134,0.7940574422318352,77906890.81617992,True,0.08550012885310185,0.10233686161269914,True,True
2021-06-01,EKGYO,True,0.7260819644742408,-0.030292959560031966,-0.16055039979066,513212659.2765828,True,-0.13046533261794063,-0.0763440271563931,True,True
2021-06-01,ENJSA,True,0.8556943166854581,-0.027005195854802735,0.0013425505590214382,81840396.55329378,True,-0.005423329188062542,-0.02045744155848228,True,True
2021-06-01,EREGL,True,0.9496087554874091,-0.027299743084989943,0.9288446225645512,887951796.6825292,True,0.08135448806903742,0.09117574901606837,True,True
2021-06-01,ESEN,True,,-0.042623692790277216,0.7438756021615163,96233009.87144344,True,,,False,False
2021-06-01,FENER,True,0.6657188802175028,-0.05742635555544374,-0.06479744907260065,230625893.38666213,True,,,False,False
2021-06-01,FROTO,True,0.7750600979344711,-0.03912975192730311,0.699687293482185,506643045.1486839,True,0.022056213290296695,0.03526486458429075,True,True
2021-06-01,GARAN,True,0.7668973992187325,-0.027416038082204088,-0.17061891126436368,1786752781.6241,True,,,False,False
2021-06-01,GOODY,True,0.7182179233232402,-0.027385130020327005,-0.03306881879499912,23632633.404805828,True,,,False,False
2021-06-01,GOZDE,True,0.6520787542968818,-0.040694118327122546,0.0015037220904168258,144299475.3000915,True,-0.5921772822775458,-6.27582231823859,True,True
2021-06-01,GSDHO,True,0.6788320886876267,-0.028055771530304113,-0.21461180913689137,45393198.959110744,True,-0.3783997595895746,-0.4292356661755431,True,True
2021-06-01,GUBRF,True,0.7132907681316787,-0.029912831010676794,0.19820718350038602,292274819.10336226,True,0.034814980086027264,0.07241568204350776,True,True
2021-06-01,HALKB,True,0.6998468644452774,-0.020696853100210907,-0.2011385097942986,202492828.05522984,True,,,False,False
2021-06-01,HEKTS,True,0.9720788628167795,-0.06464652031914428,1.2333340351579016,163331827.28736943,True,-0.0585818969252731,-0.088444559990743,True,True
2021-06-01,HLGYO,True,0.6799785960597851,-0.031760019644582575,0.06916828425346577,55622328.3670707,True,-0.043730602067880486,-0.13576487571415452,True,True
2021-06-01,IHLAS,True,0.4688165052771332,-0.028117078336527487,-0.4619098163653692,50024844.562498145,True,0.01783818865530226,-0.1581775619639792,True,True
2021-06-01,IHLGM,True,0.65732967664086,-0.0317902663227787,-0.23255810944780775,66430434.86795102,True,-0.004377650459467336,-0.2546780812436231,True,True
2021-06-01,INDES,True,0.8077584558761313,-0.04015331010863381,0.7092059896841256,166370207.0073344,True,-0.009085312487447296,0.0010393163027164823,False,False
2021-06-01,IPEKE,True,0.7705677876225894,-0.028556614964209293,0.04865329755052361,160170477.55473778,True,-0.03639446754535469,-0.0689935704436766,True,True
2021-06-01,ISCTR,True,0.7270997048017914,-0.022972113597255286,-0.23536783335264388,263663736.35491696,True,,,False,False
2021-06-01,ISFIN,True,0.7178899125211637,-0.025991207709501318,-0.17857144962487392,93425066.70345955,True,,,False,False
2021-06-01,ISGYO,True,0.666666638063028,-0.029183799962888498,-0.10096150581237084,61406076.10017742,True,0.14673010928529984,0.3680742362408494,True,True
2021-06-01,ISMEN,True,0.8078856658540935,-0.03201847459418071,0.28016258185073095,62885411.1583016,True,0.01694151429776401,0.012481748938749622,True,True
2021-06-01,JANTS,True,0.7710715751268296,-0.0573274392213086,2.2538942061027356,184865948.93031254,True,0.03764829823234245,0.06372738490993649,True,True
2021-06-01,KARSN,True,0.835125432101635,-0.03686566260886845,0.17525772351229074,317790984.16791654,True,0.13164029057612178,0.18226483601350357,True,True
2021-06-01,KARTN,True,0.46132018890520493,-0.03995955083637723,-0.49035387898030036,52282439.65736062,True,0.07059501115638389,0.07781877162121537,True,True
2021-06-01,KCHOL,True,0.8100702630118181,-0.023999872215112017,0.0453847375428762,280797137.5151457,True,0.10008127470628442,0.0440725099638832,True,True
2021-06-01,KERVT,True,0.6012987310557856,-0.0334876383202752,-0.2851296281502803,57216251.41938884,True,0.0039894087757954555,0.007171816676028897,True,True
2021-06-01,KONYA,True,0.5052601014947615,-0.04140114046265169,-0.10226216557859202,43776263.13513571,True,-0.012005372839458017,0.00779039965836252,True,True
2021-06-01,KORDS,True,0.7921809370673776,-0.03312481594794306,0.5306417743023604,90207679.51485522,True,0.007307227809613515,-0.005063944676314339,True,True
2021-06-01,KOZAA,True,0.7768554786634925,-0.028512952414192983,0.052009521111937795,244429661.84351742,True,-0.03650537961471889,-0.07028340971725949,True,True
2021-06-01,KOZAL,True,0.7876395444110327,-0.028112786988770077,0.4362417752969512,822605737.524789,True,-0.03859211546485575,-0.053785848566155314,True,True
2021-06-01,KRDMD,True,0.9127438709030202,-0.029439343199511813,0.4268292899763215,878816556.5196935,True,,,False,False
2021-06-01,KRVGD,True,,-0.03668480593284567,,123360009.35518743,True,,,False,False
2021-06-01,MAVI,True,0.8720338332833036,-0.02902279890004866,-0.06878551254165521,39843668.18711417,True,,,False,False
2021-06-01,MGROS,True,0.6741966473138867,-0.024478139854104002,-0.13589013632988844,136723567.09477323,True,-0.0063599629300734595,-0.002932565307980778,True,True
2021-06-01,MPARK,True,0.8816793781985398,-0.029791054073437895,0.0964995730570486,43171540.155487515,True,0.015015387124271584,0.05276205905271286,True,True
2021-06-01,NETAS,True,0.6124646262466523,-0.032350093718842246,0.24248707202998632,50035041.85866595,True,-0.037053761118017906,-0.002248655753732766,False,False
2021-06-01,NTHOL,True,0.8739495757912251,-0.041268820946308855,0.9093851971686984,97786652.57173568,True,-0.26683430635555,-0.5333641293492963,True,True
2021-06-01,NUHCM,True,0.7067882444190938,-0.028206924402820445,0.43532354497534187,25968765.095478725,True,0.04434808391077766,0.03570364317890021,True,True
2021-06-01,ODAS,True,0.48372090133349943,-0.04063488593508965,-0.3011694068177361,299414740.00098133,True,0.04348894911232429,0.0627018819383465,True,True
2021-06-01,OTKAR,True,0.7203975742447307,-0.034986427091712576,0.6041369833666017,243753028.60955042,True,0.00697974320691136,0.03766137070592729,True,True
2021-06-01,OYAKC,True,0.7340100669065904,-0.026271406746580645,-0.13906481255951475,52399276.07589988,True,0.0692053682615304,0.07624870767400793,True,True
2021-06-01,PARSN,True,0.7558733528295927,-0.033242032183453764,0.280282847480837,46215705.12555344,True,0.0569723411182185,0.06449935426434243,True,True
2021-06-01,PETKM,True,0.9028985410096191,-0.02636474723485017,0.5486935681350458,939394304.5782344,True,0.07431584466709343,0.08256225773235965,True,True
2021-06-01,PGSUS,True,0.9006514211227983,-0.031477113972241254,0.23292471968236073,299867353.8406433,True,-0.6685602341545117,-0.632387548935118,True,True
2021-06-01,POLHO,True,0.6288784975448954,-0.029237154737079996,-0.22418389363584124,31299744.841275766,True,,,False,False
2021-06-01,SAHOL,True,0.8005361649414682,-0.02321192720241161,-0.1400895011342458,231698095.01173466,True,0.02098564093479094,0.05914351499695614,True,True
2021-06-01,SASA,True,0.9185651395703053,-0.03897462436918683,2.004161411699269,643615437.5017861,True,0.09267677364214652,0.09917169840242779,True,True
2021-06-01,SELEC,True,0.505879991671815,-0.030141936397474926,-0.2090533240406014,58876725.280861445,True,-0.003778364852288607,-0.010088130835879498,True,True
2021-06-01,SISE,True,0.9906512681237697,-0.02048096790300829,0.1134644436950738,722395107.0460808,True,-0.007873883881435728,-0.00018706695947015572,True,True
2021-06-01,SKBNK,True,0.65874803362771,-0.025571138209861687,-0.2671231476088344,135182155.06233546,True,,,False,False
2021-06-01,SOKM,True,0.7611838478432941,-0.024454599853890063,-0.036536833147693626,124271155.44396037,True,-0.0031705436518028873,0.015198760457479449,True,True
2021-06-01,TATGD,True,0.7144528327605176,-0.030601579891538156,-0.14018909350686615,16172225.521117603,True,,,False,False
2021-06-01,TAVHL,True,0.8997755370509856,-0.030321729937814793,0.09004744690120536,171843447.88073128,True,-0.3373667326063997,-0.5722876788231811,True,True
2021-06-01,TCELL,True,0.9559092674593388,-0.019041560451173927,0.03530202700611973,313153635.93973255,True,-0.025441097248307787,0.00381160322856261,True,True
2021-06-01,THYAO,True,0.898135763388848,-0.026547960313509665,0.04982515132800769,1074800968.3352563,True,-0.07652618135376757,-0.0434355581312985,True,True
2021-06-01,TKFEN,True,0.8118392863494802,-0.02205231482365976,0.1455035193504215,122945494.307882,True,-0.01568473373478954,-0.02800946511217065,True,True
2021-06-01,TKNSA,True,0.5166639784342509,-0.03601116898464983,-0.15565714501856198,88674514.46079518,True,-0.004305932739593982,0.041869025438246665,True,True
2021-06-01,TOASO,True,0.8081225096140373,-0.028613014155938893,0.15297911988345914,94741227.48935735,True,0.006963228180306341,0.009393658856110695,True,True
2021-06-01,TRGYO,True,0.6461538653278478,-0.033430699694905634,-0.02203864190932836,81893469.4834216,True,0.002573340669975277,-0.18661495563785624,True,True
2021-06-01,TSKB,True,0.5114751027694437,-0.02796207943016966,-0.446986913009656,194669150.3192715,True,,,False,False
2021-06-01,TTKOM,True,0.806609598638147,-0.02184623591907336,-0.1497344200462265,128308296.88105036,True,-0.012185858964902818,0.011950418262381357,True,True
2021-06-01,TTRAK,True,0.795699967729557,-0.03089487077965273,0.6422369878755951,89219417.68376063,True,0.051336785831116366,0.0715724493347488,True,True
2021-06-01,TUKAS,True,0.5412694953195701,-0.02739176919754191,-0.3946039338323455,22510944.02746662,True,0.007872333540108689,-0.0037111902362140237,True,True
2021-06-01,TUPRS,True,0.8772242062985816,-0.02219695301968153,-0.04443231026845096,417027272.25203955,True,0.02876224581641268,0.0039721906383729366,True,True
2021-06-01,TURSG,True,0.7438870236039875,-0.026397553481260928,0.08176360033238783,73506517.17955013,True,,,False,False
2021-06-01,ULKER,True,0.8097759051245009,-0.023102236213641193,-0.023360353535480938,62818088.53777023,True,-0.0033160907319081945,0.008371144178418138,True,True
2021-06-01,VAKBN,True,0.6672862152052909,-0.020018383855927354,-0.2505494631023423,243155983.23684528,True,,,False,False
2021-06-01,VERUS,True,0.7508603207120685,-0.03515959286287874,0.287459558769418,54971316.66881077,True,0.10176974607496386,2.8119247366920175,True,True
2021-06-01,VESTL,True,0.8132215066296501,-0.03658323922570927,0.5169660234746727,274627704.375475,True,0.007768869791364763,0.0004657908656817422,True,True
2021-06-01,YATAS,True,0.8687151358351389,-0.02613611860722479,0.38705165871723035,28581829.959236752,True,-0.023120205338153732,0.014454367723229167,True,True
2021-06-01,YKBNK,True,0.684067889650693,-0.025160811455572838,-0.2506723426856845,439452097.12957424,True,,,False,False
2021-06-01,ZOREN,True,0.6234178698804627,-0.024451461274100496,-0.2509362972212138,83473167.95160843,True,0.004351886002155303,0.030832327757337075,True,True
2021-07-01,AEFES,True,0.8532649899171834,-0.01582788640155973,0.07581649842774163,33472965.73454543,True,-0.0029549348651355944,0.030106080165094737,True,True
2021-07-01,AFYON,True,0.6672504100623236,-0.027934510457843575,-0.19444443453161586,28587182.368602987,True,0.10751949350971882,0.13753675138839916,True,True
2021-07-01,AKBNK,True,0.73266365399132,-0.015006670811708108,-0.21792239992237894,361575650.512965,True,,,False,False
2021-07-01,AKSA,True,0.8991054853619865,-0.023974967774596144,0.18667026801341202,38193917.469384104,True,0.03663493846143512,0.03858782919816334,True,True
2021-07-01,AKSEN,True,0.8546384895694727,-0.022308626742973826,0.8804942833228042,85401304.3273575,True,0.004502377562639381,-0.008193820529900586,True,True
2021-07-01,ALARK,True,0.7310727453440443,-0.02239855533578193,0.1903457558723065,52753207.13912911,True,0.05575153941460431,0.15212314177502306,True,True
2021-07-01,ALBRK,True,0.579150743321245,-0.015033202348144077,-0.18367384003229514,23117056.99765813,True,,,False,False
2021-07-01,ALGYO,True,0.697189102119017,-0.0218695933877524,-0.1273458395905258,29951229.921558872,True,-0.01621117537282113,2.015376876142481,True,True
2021-07-01,ALKIM,True,0.7655008809740722,-0.021384622311873148,0.16165905155937477,54366045.24591176,True,0.045738053190989336,0.07124063645017353,True,True
2021-07-01,ARCLK,True,0.8525714221802668,-0.017150319655994752,0.10170890467587923,169514791.4322317,True,0.024895117453235027,0.03997349351835233,True,True
2021-07-01,ASELS,True,0.7688192388092042,-0.016927843280099494,-0.18275489693286928,260464365.2255459,True,0.018037687123613366,0.06134133488506166,False,False
2021-07-01,BERA,True,0.4034819404935768,-0.05505855951934406,0.21391482054899935,72793287.5215275,True,0.02629491815807858,0.02949212333694154,True,True
2021-07-01,BIMAS,True,0.8351211798499955,-0.014254323878398287,-0.1286350918574597,213399078.15075478,True,0.011108691478225602,0.014775677127711238,True,True
2021-07-01,BRISA,True,0.6918459758858648,-0.024654935160232,0.15805520281122853,18007317.808784332,True,0.05358791462189538,0.05450905404185673,True,True
2021-07-01,BRSAN,True,0.6262135427918891,-0.03128699479172318,-0.026370584209906345,22773723.75390752,True,0.0014610938760387243,0.004367789267941263,True,True
2021-07-01,BRYAT,True,0.46423062607924515,-0.031235624803441525,-0.2839695076631652,26810278.411299933,True,0.0,0.04604343123721821,True,True
2021-07-01,CCOLA,True,0.9164431495773867,-0.01969073207962325,0.22815174302515784,41210197.37825182,True,0.007951196139369843,0.03577604498255621,True,True
2021-07-01,CEMAS,True,0.5869882339437458,-0.030080348095887874,-0.2599614312867279,48719174.572881065,True,0.10404723718461302,0.14134030570410264,True,True
2021-07-01,CEMTS,True,0.7438680376397584,-0.02188379256092673,-0.08895083825971684,27301987.74274139,True,0.08367578813006533,0.1008989171881107,True,True
2021-07-01,CIMSA,True,0.8255452563312476,-0.025993591158004183,0.33853872153173015,34186914.09333319,True,0.06422769258439387,0.10393287386825023,True,True
2021-07-01,DEVA,True,0.7097164615496867,-0.02428916468172651,0.05380960969494697,31976895.037882004,True,0.015428471878487171,0.08091790157085316,True,True
2021-07-01,DOAS,True,0.6600167336926047,-0.028294530126742684,-0.059102100701389104,36519446.446213014,True,0.0012670894856176562,0.02347756272991322,True,True
2021-07-01,DOHOL,True,0.6915342058042091,-0.016654190261436636,-0.01619935713736409,211936998.92146936,True,0.03833311412105707,0.027886888796025716,True,True
2021-07-01,ECILC,True,0.6940649897596212,-0.01590646403220479,-0.1365778839727051,43218941.040940985,True,-0.05106500383890289,0.07692314297528757,True,True
2021-07-01,ECZYT,True,0.6722845625869295,-0.03428395088252947,0.44269535634956303,76660757.44163845,True,,,False,False
2021-07-01,EGEEN,True,0.7032677006834764,-0.02357052874351987,-0.23751545962759635,29872106.23389641,True,0.03391187024069564,0.04593769199229447,True,True
2021-07-01,EGGUB,True,0.6782064253081217,-0.033183450208492594,0.38011404352468947,56225661.13212767,True,0.08550012885310185,0.10233686161269914,True,True
2021-07-01,EKGYO,True,0.7110336128180766,-0.025136596440371736,-0.09155332270333927,495001379.97758865,True,-0.13046533261794063,-0.0763440271563931,True,True
2021-07-01,ENJSA,True,0.8443927437554947,-0.02070986476586193,-0.04345701420258519,58310574.51959158,True,-0.005423329188062542,-0.02045744155848228,True,True
2021-07-01,ENKAI,True,1.0,-0.020220997639488602,0.21701759812866817,46750691.83187937,True,0.028922128786994933,0.000737624625782779,True,True
2021-07-01,ERBOS,True,0.9754225079261709,-0.04516864372183687,1.0980671314729316,77714645.73406959,True,0.06636429809654676,0.10117324001539302,True,True
2021-07-01,EREGL,True,0.882094084850923,-0.02083210288006292,0.4340879676759195,794838617.4034407,True,0.08135448806903742,0.09117574901606837,True,True
2021-07-01,ESEN,True,,-0.03504541116507664,0.6880988323842328,62907107.68997147,True,,,False,False
2021-07-01,FENER,True,0.7790414155718199,-0.050650366625230765,0.12989692910975137,261851540.5937513,True,,,False,False
2021-07-01,FROTO,True,0.7786607282955406,-0.023083794960190404,0.4378312299942888,266891151.2545646,True,0.022056213290296695,0.03526486458429075,True,True
2021-07-01,GARAN,True,0.8000349473791201,-0.018376504170127886,-0.205982704494998,1416186106.5338469,True,,,False,False
2021-07-01,GLYHO,True,0.4666661845158095,-0.028604962049269416,-0.2805139158526362,41068297.884212084,True,-0.17312213708971355,-0.20298240916532795,True,True
2021-07-01,GOZDE,True,0.5973741611657364,-0.02510850390468701,-0.26022304635022797,58627638.462860264,True,-0.5921772822775458,-6.27582231823859,True,True
2021-07-01,GSRAY,True,0.7228915439849101,-0.04236248784960181,-0.18749993833071943,170310736.19843572,True,,,False,False
2021-07-01,GUBRF,True,0.6117237356880222,-0.026840611043443482,-0.27721596913458435,211467350.11085057,True,0.034814980086027264,0.07241568204350776,True,True
2021-07-01,HALKB,True,0.8151125952859816,-0.01998941889509068,-0.17907797445995866,242807820.6995961,True,,,False,False
2021-07-01,HDFGS,True,0.7061150508670356,-0.03224743085070469,0.07655235371503744,56134542.93814594,True,0.0,-0.009437067374303942,True,True
2021-07-01,HEKTS,True,0.8035162221210449,-0.06155663988135721,1.4980401590260088,113234182.18070465,True,-0.0585818969252731,-0.088444559990743,True,True
2021-07-01,IHLAS,True,0.46087047003953696,-0.022228137172510074,-0.47818868049720265,31038691.880670704,True,0.0811837325789802,-0.11544179593580983,True,True
2021-07-01,IHLGM,True,0.6449272410701791,-0.028988545889311178,-0.15748026100639678,63389944.35561383,True,0.17509739013240772,-0.2563149251051841,True,True
2021-07-01,INDES,True,0.752051165420085,-0.02700589091956507,0.5298796750399888,66460887.25117589,True,-0.009085312487447296,0.0010393163027164823,False,False
2021-07-01,IPEKE,True,0.6952491217190095,-0.024592698983058357,0.03563307672335436,143786347.5295789,True,-0.03639446754535469,-0.0689935704436766,True,True
2021-07-01,ISCTR,True,0.7215058911206887,-0.015370061250084261,-0.2443814904590591,214625844.01021156,True,,,False,False
2021-07-01,ISFIN,True,0.6811926462525686,-0.02039606094673286,-0.1948051996306679,52997566.05958514,True,,,False,False
2021-07-01,ISGYO,True,0.6774193465344275,-0.02224763865204222,-0.1913043098097389,46019518.14796829,True,0.14673010928529984,0.3680742362408494,True,True
2021-07-01,ISMEN,True,0.697831581372322,-0.024528419244141,-0.04071532227948382,39486670.42671726,True,0.01694151429776401,0.012481748938749622,True,True
2021-07-01,JANTS,True,0.7134501965386898,-0.052237564735239626,1.0866752026308384,167154020.98141867,True,0.03764829823234245,0.06372738490993649,True,True
2021-07-01,KARSN,True,0.6559140028446157,-0.03425505842261487,0.4639498409172613,248613558.99606398,True,0.13164029057612178,0.18226483601350357,True,True
2021-07-01,KARTN,True,0.418221110408166,-0.03385003533061245,-0.4232862695450772,37205905.57287483,True,0.07059501115638389,0.07781877162121537,True,True
2021-07-01,KCHOL,True,0.7946322960917146,-0.01736607322885392,-0.07958556409122841,246460833.6521486,True,0.10008127470628442,0.0440725099638832,True,True
2021-07-01,KERVT,True,0.5792207985226717,-0.02651515497389594,-0.3010590329439644,41225291.818328716,True,0.0039894087757954555,0.007171816676028897,True,True
2021-07-01,KONYA,True,0.4692485478572074,-0.034807336949169716,-0.23676434405389768,29067298.524738614,True,0.012839749511902213,0.029398900602064872,True,True
2021-07-01,KORDS,True,0.6989026653911412,-0.026285332856600608,0.4309160330850168,44343740.586264245,True,0.007307227809613515,-0.005063944676314339,True,True
2021-07-01,KOZAA,True,0.6962890892391448,-0.02510036344965024,0.01855406012346017,257981741.55285725,True,-0.03650537961471889,-0.07028340971725949,True,True
2021-07-01,KOZAL,True,0.7790927009925877,-0.022392982290110466,0.2421270429728808,725916983.3463721,True,-0.03859211546485575,-0.053785848566155314,True,True
2021-07-01,KRDMD,True,0.762342058692197,-0.021347223421432856,0.35355289393209843,701555848.0922338,True,,,False,False
2021-07-01,KRVGD,True,,-0.020210096637909066,0.18768704099314104,56836728.49734239,True,,,False,False
2021-07-01,LOGO,True,0.7502685625905521,-0.028792861826929497,0.16280326205412643,59190092.82497503,True,-0.007954055286166106,-0.003231130064461629,False,False
2021-07-01,MGROS,True,0.6309640042096337,-0.01880322844521536,-0.18323860749795606,103303892.25697309,True,-0.0063599629300734595,-0.002932565307980778,True,True
2021-07-01,MPARK,True,0.8610686568320279,-0.02178637484024661,0.15071288614099454,28369579.27489329,True,0.015015387124271584,0.05276205905271286,True,True
2021-07-01,NETAS,True,0.5784702696212957,-0.027257988329926822,-0.21094314130699787,25345890.98553376,True,-0.037053761118017906,-0.002248655753732766,False,False
2021-07-01,NTHOL,True,0.7008403714233005,-0.03568383283860384,0.5102040021928949,78313415.64118043,True,-0.4469220586622655,-0.8535815551595117,True,True
2021-07-01,NUHCM,True,0.6427889502075442,-0.023425025923794265,-0.08031324241457394,13455506.84555078,True,0.04434808391077766,0.03570364317890021,True,True
2021-07-01,ODAS,True,0.43023243428642605,-0.03643045211599402,-0.4506330150516411,163797306.43044272,True,0.04348894911232429,0.0627018819383465,True,True
2021-07-01,OTKAR,True,0.6914106233915913,-0.023968270697789843,-0.03573016421812436,126086191.77151847,True,0.00697974320691136,0.03766137070592729,True,True
2021-07-01,OYAKC,True,0.6923853621736603,-0.015338447175081973,-0.18244035134409842,33639062.860169776,True,0.0692053682615304,0.07624870767400793,True,True
2021-07-01,PARSN,True,0.7282941922597688,-0.025797830863398048,0.23597357126091412,35971690.96444475,True,0.030375691844706093,0.050306257856175346,True,True
2021-07-01,PETKM,True,0.7666666505417389,-0.020595138855134375,0.26086960209258003,666957748.1839576,True,0.07431584466709343,0.08256225773235965,True,True
2021-07-01,PGSUS,True,0.8257328297844106,-0.027997854391254896,0.1045576638674397,234663326.81293166,True,-0.6685602341545117,-0.632387548935118,True,True
2021-07-01,RTALB,True,0.32440191645838545,-0.05090267139923532,-0.3354634938206881,103059735.9888879,True,0.17009075714663063,0.11504452874588927,True,True
2021-07-01,SAHOL,True,0.7881521276198604,-0.01638189223889671,-0.1721348464567245,227238328.9110411,True,0.02098564093479094,0.05914351499695614,True,True
2021-07-01,SASA,True,0.7500254897922259,-0.02855180647324612,1.3442574856525757,447106606.3538062,True,0.09267677364214652,0.09917169840242779,True,True
2021-07-01,SELEC,True,0.46894627446049386,-0.02219149506493676,-0.36610265377867357,40761334.30497775,True,-0.003778364852288607,-0.010088130835879498,True,True
2021-07-01,SISE,True,0.9474969472655163,-0.012114257988569835,0.09534826659010798,465466083.6354436,True,-0.007873883881435728,-0.00018706695947015572,True,True
2021-07-01,SKBNK,True,0.6234578885368727,-0.017190701952846922,-0.27450980392156865,79793470.56463693,True,,,False,False
2021-07-01,SOKM,True,0.8038095103267595,-0.01752582899439033,-0.13517792593937827,94813817.58406994,True,-0.0031705436518028873,0.015198760457479449,True,True
2021-07-01,TAVHL,True,0.9117647119985599,-0.02860077699557659,0.12818097998372346,205520436.6124679,True,-0.3373667326063997,-0.5722876788231811,True,True
2021-07-01,TCELL,True,0.9524926593427163,-0.012895844354758917,0.017680484111205708,232390786.08350953,True,-0.025441097248307787,0.00381160322856261,True,True
2021-07-01,THYAO,True,0.9154461001614047,-0.019837369696184517,0.05650145049593713,1051453014.9916623,True,-0.07652618135376757,-0.0434355581312985,True,True
2021-07-01,TKFEN,True,0.785412227214983,-0.016318162298742143,-0.07326363978111539,98848384.66779447,True,-0.01568473373478954,-0.02800946511217065,True,True
2021-07-01,TKNSA,True,0.46314215577183915,-0.030225639181547873,-0.09446849608808194,67713146.30458066,True,-0.004305932739593982,0.041869025438246665,True,True
2021-07-01,TOASO,True,0.8423791448514958,-0.0192554490954941,-0.03160608849559965,68656283.7224629,True,0.006963228180306341,0.009393658856110695,True,True
2021-07-01,TRGYO,True,0.5615384582038525,-0.028289807134918948,-0.12276219939136723,69022295.04282355,True,0.002573340669975277,-0.18661495563785624,True,True
2021-07-01,TSKB,True,0.48138829608314,-0.021377018192976546,-0.22428366720620063,137883135.8999465,True,,,False,False
2021-07-01,TTKOM,True,0.7660241764469689,-0.016444810296082423,-0.17076381432333787,110366283.8416733,True,-0.012185858964902818,0.011950418262381357,True,True
2021-07-01,TTRAK,True,0.7804982535945404,-0.023302524083801943,0.16210884038836193,59856030.47073461,True,0.051336785831116366,0.0715724493347488,True,True
2021-07-01,TUPRS,True,0.8554270596163458,-0.016397982991367,-0.06105453794957849,388175840.1213097,True,0.02876224581641268,0.0039721906383729366,True,True
2021-07-01,TURSG,True,0.6599891803594518,-0.018547238720384062,-0.14504539883048995,53448257.941807374,True,,,False,False
2021-07-01,ULKER,True,0.7759412157487541,-0.017501955436155698,-0.027734416531917994,36742670.982048795,True,-0.0033160907319081945,0.008371144178418138,True,True
2021-07-01,VAKBN,True,0.6711026269556215,-0.013877540077775415,-0.24947590397879127,197623780.46249896,True,,,False,False
2021-07-01,VERUS,True,0.6535443550373283,-0.026082867417289216,0.20539680203719568,37932018.0419785,True,0.10176974607496386,2.8119247366920175,True,True
2021-07-01,VESBE,True,0.7657608634504997,-0.018012301615973246,0.28153332681118415,36299350.86435428,True,0.05750648345776599,0.06276220885296872,True,True
2021-07-01,VESTL,True,0.8174187568674638,-0.02553915598434221,0.4810248218613833,182954336.94700688,True,0.007768869791364763,0.0004657908656817422,True,True
2021-07-01,YKBNK,True,0.6778771959819997,-0.016882901463826695,-0.26738532804343473,451218457.65561277,True,,,False,False
2021-07-01,ZOREN,True,0.5854429254618326,-0.019432273303779786,-0.21851874362899992,43265125.83490558,True,0.004351886002155303,0.030832327757337075,True,True
